effectiveDate,type,average30day,average90day,average180day,index,revisionIndicator,percentRate,percentPercentile1,percentPercentile25,percentPercentile75,percentPercentile99,targetRateFrom,targetRateTo,volumeInBillions,effective_date,rate_type,volume_billions,rate_pct,daily_change_bp,volatility_10d_bp,distance_from_target_bp
2025-12-29,SOFRAI,3.81199,4.02141,4.20716,1.2261938,,,,,,,,,,2025-12-29,SOFRAI,,,,,
2025-12-26,BGCR,,,,,,3.74,3.57,3.74,3.74,3.8,,,1307.0,2025-12-26,BGCR,1307.0,3.74,10.000000000000009,3.994440581051035,
2025-12-26,SOFRAI,3.84341,4.03455,4.21851,1.22580972,,,,,,,,,,2025-12-26,SOFRAI,,,,,
2025-12-26,SOFR,,,,,,3.76,3.66,3.74,3.85,3.87,,,3227.0,2025-12-26,SOFR,3227.0,3.76,9.999999999999964,3.7357135269707715,
2025-12-26,EFFR,,,,,,3.64,3.6,3.63,3.65,3.65,3.5,3.75,101.0,2025-12-26,EFFR,101.0,3.63,-1.000000000000023,0.5270462767119062,0.49999999999998934
2025-12-26,TGCR,,,,,,3.74,3.58,3.74,3.74,3.76,,,1282.0,2025-12-26,TGCR,1282.0,3.74,10.000000000000009,3.994440581051035,
2025-12-26,OBFR,,,,,,3.64,3.5,3.63,3.65,3.68,,,177.0,2025-12-26,OBFR,177.0,3.64,0.0,0.0,
2025-12-24,EFFR,,,,,,3.64,3.6,3.64,3.65,3.65,3.5,3.75,88.0,2025-12-24,EFFR,88.0,3.64,1.000000000000023,0.5270462767119062,1.5000000000000124
2025-12-24,OBFR,,,,,,3.64,3.52,3.63,3.65,3.68,,,166.0,2025-12-24,OBFR,166.0,3.64,0.0,0.0,
2025-12-24,TGCR,,,,,,3.64,3.55,3.64,3.65,3.67,,,1273.0,2025-12-24,TGCR,1273.0,3.64,0.0,3.0912061651638574,
2025-12-24,BGCR,,,,,,3.64,3.55,3.64,3.65,3.7,,,1301.0,2025-12-24,BGCR,1301.0,3.64,0.0,3.0912061651638574,
2025-12-24,SOFR,,,,,,3.66,3.62,3.64,3.73,3.75,,,3194.0,2025-12-24,SOFR,3194.0,3.66,0.0,2.8205594401808254,
2025-12-24,SOFRAI,3.86516,4.04599,4.22678,1.22556052,,,,,,,,,,2025-12-24,SOFRAI,,,,,
2025-12-23,SOFR,,,,,,3.66,3.61,3.64,3.73,3.75,,,3255.0,2025-12-23,SOFR,3255.0,3.66,-2.0000000000000018,7.480344614761496,
2025-12-23,SOFRAI,3.87419,4.05126,4.23098,1.22543593,,,,,,,,,,2025-12-23,SOFRAI,,,,,
2025-12-23,BGCR,,,,,,3.64,3.55,3.64,3.64,3.7,,,1306.0,2025-12-23,BGCR,1306.0,3.64,-2.0000000000000018,7.572611467943975,
2025-12-23,TGCR,,,,,,3.64,3.55,3.64,3.64,3.69,,,1272.0,2025-12-23,TGCR,1272.0,3.64,-2.0000000000000018,7.572611467943975,
2025-12-23,OBFR,,,,,,3.64,3.5,3.63,3.65,3.68,,,166.0,2025-12-23,OBFR,166.0,3.64,0.0,7.905694150420546,
2025-12-23,EFFR,,,,,,3.64,3.6,3.63,3.65,3.65,3.5,3.75,85.0,2025-12-23,EFFR,85.0,3.63,-1.000000000000023,7.781031065640397,0.49999999999998934
2025-12-22,EFFR,,,,,,3.64,3.6,3.64,3.65,3.65,3.5,3.75,87.0,2025-12-22,EFFR,87.0,3.64,0.0,10.34085747572938,1.5000000000000124
2025-12-22,OBFR,,,,,,3.64,3.5,3.63,3.65,3.68,,,171.0,2025-12-22,OBFR,171.0,3.64,0.0,10.54092553389431,
2025-12-22,TGCR,,,,,,3.66,3.58,3.66,3.66,3.68,,,1292.0,2025-12-22,TGCR,1292.0,3.66,3.000000000000025,10.289692793167857,
2025-12-22,BGCR,,,,,,3.66,3.58,3.66,3.66,3.72,,,1326.0,2025-12-22,BGCR,1326.0,3.66,3.000000000000025,10.289692793167857,
2025-12-22,SOFR,,,,,,3.68,3.62,3.66,3.75,3.78,,,3253.0,2025-12-22,SOFR,3253.0,3.68,2.0000000000000018,10.181137242744018,
2025-12-22,SOFRAI,3.88253,4.0562,4.23484,1.22531068,,,,,,,,,,2025-12-22,SOFRAI,,,,,
2025-12-19,BGCR,,,,,,3.63,3.58,3.63,3.64,3.7,,,1325.0,2025-12-19,BGCR,1325.0,3.63,0.0,12.465062285354662,
2025-12-19,SOFRAI,3.90829,4.07237,4.24562,1.22493707,,,,,,,,,,2025-12-19,SOFRAI,,,,,
2025-12-19,SOFR,,,,,,3.66,3.61,3.63,3.72,3.75,,,3238.0,2025-12-19,SOFR,3238.0,3.66,0.0,12.130768959781047,
2025-12-19,EFFR,,,,,,3.64,3.6,3.64,3.65,3.65,3.5,3.75,93.0,2025-12-19,EFFR,93.0,3.64,0.0,11.877148928369978,1.5000000000000124
2025-12-19,TGCR,,,,,,3.63,3.58,3.63,3.64,3.67,,,1295.0,2025-12-19,TGCR,1295.0,3.63,0.0,12.465062285354662,
2025-12-19,OBFR,,,,,,3.64,3.5,3.63,3.65,3.68,,,181.0,2025-12-19,OBFR,181.0,3.64,0.0,12.076147288490963,
2025-12-18,EFFR,,,,,,3.64,3.6,3.64,3.65,3.66,3.5,3.75,88.0,2025-12-18,EFFR,88.0,3.64,1.000000000000023,12.74362585765967,1.5000000000000124
2025-12-18,OBFR,,,,,,3.64,3.5,3.62,3.65,3.68,,,171.0,2025-12-18,OBFR,171.0,3.64,0.0,12.90994448735785,
2025-12-18,TGCR,,,,,,3.63,3.55,3.63,3.63,3.7,,,1300.0,2025-12-18,TGCR,1300.0,3.63,-3.000000000000025,13.064370546557985,
2025-12-18,BGCR,,,,,,3.63,3.55,3.63,3.63,3.7,,,1325.0,2025-12-18,BGCR,1325.0,3.63,-3.000000000000025,13.064370546557985,
2025-12-18,SOFR,,,,,,3.66,3.6,3.63,3.72,3.74,,,3273.0,2025-12-18,SOFR,3273.0,3.66,-2.9999999999999805,12.74580541023538,
2025-12-18,SOFRAI,3.91765,4.07775,4.24919,1.22481255,,,,,,,,,,2025-12-18,SOFRAI,,,,,
2025-12-17,EFFR,,,,,,3.64,3.6,3.63,3.65,3.66,3.5,3.75,94.0,2025-12-17,EFFR,94.0,3.63,-1.000000000000023,13.074147518417565,0.49999999999998934
2025-12-17,OBFR,,,,,,3.64,3.52,3.63,3.65,3.68,,,170.0,2025-12-17,OBFR,170.0,3.64,0.0,13.176156917368061,
2025-12-17,TGCR,,,,,,3.66,3.6,3.66,3.66,3.7,,,1312.0,2025-12-17,TGCR,1312.0,3.66,2.0000000000000018,12.754519896012253,
2025-12-17,BGCR,,,,,,3.66,3.6,3.66,3.66,3.73,,,1343.0,2025-12-17,BGCR,1343.0,3.66,2.0000000000000018,12.754519896012253,
2025-12-17,SOFR,,,,,,3.69,3.63,3.66,3.75,3.78,,,3289.0,2025-12-17,SOFR,3289.0,3.69,0.0,12.609079621007918,
2025-12-17,SOFRAI,3.92802,4.0828,4.25259,1.22468702,,,,,,,,,,2025-12-17,SOFRAI,,,,,
2025-12-16,SOFR,,,,,,3.69,3.63,3.64,3.74,3.77,,,3319.0,2025-12-16,SOFR,3319.0,3.69,-6.000000000000005,12.563173696696229,
2025-12-16,SOFRAI,3.93671,4.09054,4.25594,1.2245615,,,,,,,,,,2025-12-16,SOFRAI,,,,,
2025-12-16,BGCR,,,,,,3.64,3.6,3.64,3.65,3.76,,,1336.0,2025-12-16,BGCR,1336.0,3.64,-8.999999999999986,12.564942410443953,
2025-12-16,EFFR,,,,,,3.64,3.6,3.64,3.65,3.66,3.5,3.75,95.0,2025-12-16,EFFR,95.0,3.64,1.000000000000023,12.784104713797632,1.5000000000000124
2025-12-16,OBFR,,,,,,3.64,3.52,3.63,3.65,3.68,,,169.0,2025-12-16,OBFR,169.0,3.64,0.0,12.909944487357885,
2025-12-16,TGCR,,,,,,3.64,3.6,3.64,3.65,3.76,,,1296.0,2025-12-16,TGCR,1296.0,3.64,-8.999999999999986,12.564942410443953,
2025-12-15,BGCR,,,,,,3.73,3.6,3.73,3.73,3.81,,,1315.0,2025-12-15,BGCR,1315.0,3.73,8.000000000000007,12.074306973440962,
2025-12-15,SOFR,,,,,,3.75,3.67,3.73,3.83,3.85,,,3270.0,2025-12-15,SOFR,3270.0,3.75,8.000000000000007,12.534840334932335,
2025-12-15,SOFRAI,3.94338,4.09772,4.25894,1.22443396,,,,,,,,,,2025-12-15,SOFRAI,,,,,
2025-12-15,TGCR,,,,,,3.73,3.6,3.73,3.73,3.75,,,1288.0,2025-12-15,TGCR,1288.0,3.73,8.000000000000007,12.074306973440962,
2025-12-15,OBFR,,,,,,3.64,3.52,3.63,3.65,3.68,,,167.0,2025-12-15,OBFR,167.0,3.64,0.0,12.07614728849104,
2025-12-15,EFFR,,,,,,3.64,3.6,3.63,3.65,3.66,3.5,3.75,97.0,2025-12-15,EFFR,97.0,3.63,0.0,12.076147288491535,0.49999999999998934
2025-12-12,EFFR,,,,,,3.64,3.6,3.63,3.65,3.68,3.5,3.75,102.0,2025-12-12,EFFR,102.0,3.63,0.0,10.540925533894917,0.49999999999998934
2025-12-12,OBFR,,,,,,3.64,3.52,3.63,3.65,3.68,,,174.0,2025-12-12,OBFR,174.0,3.64,0.0,10.540925533894443,
2025-12-12,TGCR,,,,,,3.65,3.59,3.65,3.65,3.68,,,1303.0,2025-12-12,TGCR,1303.0,3.65,2.9999999999999805,13.548677672255094,
2025-12-12,BGCR,,,,,,3.65,3.59,3.65,3.65,3.7,,,1324.0,2025-12-12,BGCR,1324.0,3.65,2.9999999999999805,13.548677672255094,
2025-12-12,SOFR,,,,,,3.67,3.63,3.65,3.74,3.76,,,3261.0,2025-12-12,SOFR,3261.0,3.67,0.9999999999999787,14.064928802601315,
2025-12-12,SOFRAI,3.97416,4.124,4.26973,1.2240596,,,,,,,,,,2025-12-12,SOFRAI,,,,,
2025-12-11,BGCR,,,,,,3.62,3.56,3.62,3.63,3.91,,,1338.0,2025-12-11,BGCR,1338.0,3.62,-25.0,12.692955176439764,
2025-12-11,SOFRAI,3.98385,4.13251,4.27324,1.22393516,,,,,,,,,,2025-12-11,SOFRAI,,,,,
2025-12-11,SOFR,,,,,,3.66,3.61,3.62,3.72,3.9,,,3299.0,2025-12-11,SOFR,3299.0,3.66,-23.99999999999998,12.896597311781163,
2025-12-11,TGCR,,,,,,3.62,3.56,3.62,3.62,3.91,,,1304.0,2025-12-11,TGCR,1304.0,3.62,-25.0,12.692955176439764,
2025-12-11,EFFR,,,,,,3.64,3.6,3.63,3.65,3.66,3.5,3.75,99.0,2025-12-11,EFFR,99.0,3.63,-25.0,7.905694150421288,0.49999999999998934
2025-12-11,OBFR,,,,,,3.64,3.53,3.62,3.65,3.67,,,184.0,2025-12-11,OBFR,184.0,3.64,-25.0,7.876829593462194,
2025-12-10,EFFR,,,,,,3.89,3.84,3.88,3.9,3.91,3.75,4.0,98.0,2025-12-10,EFFR,98.0,3.88,0.0,0.0,0.49999999999998934
2025-12-10,OBFR,,,,,,3.89,3.78,3.87,3.9,3.91,,,184.0,2025-12-10,OBFR,184.0,3.89,0.0,0.4216370213534125,
2025-12-10,TGCR,,,,,,3.87,3.8,3.87,3.87,3.94,,,1297.0,2025-12-10,TGCR,1297.0,3.87,-2.9999999999999805,7.958224257542129,
2025-12-10,BGCR,,,,,,3.87,3.8,3.87,3.87,3.95,,,1326.0,2025-12-10,BGCR,1326.0,3.87,-2.9999999999999805,7.958224257542129,
2025-12-10,SOFR,,,,,,3.9,3.86,3.87,3.96,3.98,,,3222.0,2025-12-10,SOFR,3222.0,3.9,-3.000000000000025,8.243515970480795,
2025-12-10,SOFRAI,3.98551,4.13824,4.27539,1.22380259,,,,,,,,,,2025-12-10,SOFRAI,,,,,
2025-12-09,BGCR,,,,,,3.9,3.82,3.9,3.9,3.97,,,1315.0,2025-12-09,BGCR,1315.0,3.9,-3.000000000000025,7.453559924999226,
2025-12-09,SOFRAI,3.98551,4.1434,4.27738,1.223669,,,,,,,,,,2025-12-09,SOFRAI,,,,,
2025-12-09,SOFR,,,,,,3.93,3.88,3.9,3.99,4.02,,,3244.0,2025-12-09,SOFR,3244.0,3.93,-2.0000000000000018,7.6514341429865285,
2025-12-09,OBFR,,,,,,3.89,3.77,3.88,3.9,3.92,,,161.0,2025-12-09,OBFR,161.0,3.89,0.0,0.4830458915375477,
2025-12-09,TGCR,,,,,,3.9,3.82,3.9,3.9,3.96,,,1285.0,2025-12-09,TGCR,1285.0,3.9,-3.000000000000025,7.453559924999226,
2025-12-09,EFFR,,,,,,3.89,3.84,3.88,3.9,3.91,3.75,4.0,85.0,2025-12-09,EFFR,85.0,3.88,0.0,0.0,0.49999999999998934
2025-12-08,EFFR,,,,,,3.89,3.84,3.88,3.9,3.91,3.75,4.0,84.0,2025-12-08,EFFR,84.0,3.88,0.0,0.0,0.49999999999998934
2025-12-08,OBFR,,,,,,3.89,3.77,3.87,3.9,3.92,,,160.0,2025-12-08,OBFR,160.0,3.89,0.0,0.5163977794923249,
2025-12-08,TGCR,,,,,,3.93,3.83,3.93,3.93,3.96,,,1290.0,2025-12-08,TGCR,1290.0,3.93,3.000000000000025,7.242620765686582,
2025-12-08,BGCR,,,,,,3.93,3.83,3.93,3.93,3.99,,,1311.0,2025-12-08,BGCR,1311.0,3.93,3.000000000000025,7.242620765686582,
2025-12-08,SOFR,,,,,,3.95,3.9,3.93,4.02,4.05,,,3209.0,2025-12-08,SOFR,3209.0,3.95,2.0000000000000018,7.405703507733739,
2025-12-08,SOFRAI,3.98483,4.14845,4.27925,1.22353475,,,,,,,,,,2025-12-08,SOFRAI,,,,,
2025-12-05,BGCR,,,,,,3.9,3.85,3.9,3.9,3.98,,,1321.0,2025-12-05,BGCR,1321.0,3.9,2.9999999999999805,7.453559924999226,
2025-12-05,SOFRAI,3.98384,4.16474,4.28533,1.22313418,,,,,,,,,,2025-12-05,SOFRAI,,,,,
2025-12-05,SOFR,,,,,,3.93,3.88,3.9,3.99,4.02,,,3221.0,2025-12-05,SOFR,3221.0,3.93,1.000000000000023,7.586537784495053,
2025-12-05,TGCR,,,,,,3.9,3.85,3.9,3.9,3.93,,,1295.0,2025-12-05,TGCR,1295.0,3.9,2.9999999999999805,7.453559924999226,
2025-12-05,OBFR,,,,,,3.89,3.75,3.87,3.9,3.92,,,167.0,2025-12-05,OBFR,167.0,3.89,0.0,0.5270462766927381,
2025-12-05,EFFR,,,,,,3.89,3.84,3.88,3.9,3.91,3.75,4.0,88.0,2025-12-05,EFFR,88.0,3.88,0.0,0.0,0.49999999999998934
2025-12-04,BGCR,,,,,,3.87,3.82,3.87,3.88,3.98,,,1320.0,2025-12-04,BGCR,1320.0,3.87,-2.9999999999999805,7.9049913908168,
2025-12-04,SOFRAI,3.98651,4.17034,4.28742,1.22300101,,,,,,,,,,2025-12-04,SOFRAI,,,,,
2025-12-04,SOFR,,,,,,3.92,3.86,3.87,3.97,4.01,,,3300.0,2025-12-04,SOFR,3300.0,3.92,-3.000000000000025,7.814516406450392,
2025-12-04,EFFR,,,,,,3.89,3.84,3.88,3.9,3.93,3.75,4.0,87.0,2025-12-04,EFFR,87.0,3.88,0.0,0.0,0.49999999999998934
2025-12-04,TGCR,,,,,,3.87,3.81,3.87,3.88,3.96,,,1298.0,2025-12-04,TGCR,1298.0,3.87,-2.9999999999999805,7.9049913908168,
2025-12-04,OBFR,,,,,,3.89,3.77,3.87,3.9,3.92,,,173.0,2025-12-04,OBFR,173.0,3.89,0.0,0.516397779492257,
2025-12-03,EFFR,,,,,,3.89,3.84,3.88,3.9,3.93,3.75,4.0,85.0,2025-12-03,EFFR,85.0,3.88,0.0,0.0,0.49999999999998934
2025-12-03,OBFR,,,,,,3.89,3.77,3.87,3.9,3.92,,,153.0,2025-12-03,OBFR,153.0,3.89,0.0,0.48304589153740257,
2025-12-03,TGCR,,,,,,3.9,3.8,3.9,3.9,4.02,,,1302.0,2025-12-03,TGCR,1302.0,3.9,-6.000000000000005,7.9049913908168,
2025-12-03,BGCR,,,,,,3.9,3.8,3.9,3.9,4.02,,,1331.0,2025-12-03,BGCR,1331.0,3.9,-6.000000000000005,7.9049913908168,
2025-12-03,SOFR,,,,,,3.95,3.87,3.9,4.0,4.02,,,3360.0,2025-12-03,SOFR,3360.0,3.95,-5.999999999999961,7.930952023560331,
2025-12-03,SOFRAI,3.99253,4.1755,4.28935,1.22286683,,,,,,,,,,2025-12-03,SOFRAI,,,,,
2025-12-02,SOFR,,,,,,4.01,3.94,3.96,4.06,4.12,,,3407.0,2025-12-02,SOFR,3407.0,4.01,-11.000000000000032,8.002777295693054,
2025-12-02,SOFRAI,3.99956,4.17977,4.29094,1.22273063,,,,,,,,,,2025-12-02,SOFRAI,,,,,
2025-12-02,BGCR,,,,,,3.96,3.9,3.96,3.97,4.13,,,1310.0,2025-12-02,BGCR,1310.0,3.96,-11.000000000000032,7.9049913908168,
2025-12-02,TGCR,,,,,,3.96,3.9,3.96,3.97,4.13,,,1276.0,2025-12-02,TGCR,1276.0,3.96,-11.000000000000032,7.9049913908168,
2025-12-02,OBFR,,,,,,3.89,3.77,3.87,3.9,3.92,,,160.0,2025-12-02,OBFR,160.0,3.89,0.0,0.4216370213531632,
2025-12-02,EFFR,,,,,,3.89,3.84,3.88,3.9,3.93,3.75,4.0,91.0,2025-12-02,EFFR,91.0,3.88,0.0,0.0,0.49999999999998934
2025-12-01,EFFR,,,,,,3.89,3.84,3.88,3.9,3.93,3.75,4.0,85.0,2025-12-01,EFFR,85.0,3.88,0.0,0.3162277660233801,0.49999999999998934
2025-12-01,OBFR,,,,,,3.89,3.77,3.87,3.9,3.92,,,151.0,2025-12-01,OBFR,151.0,3.89,1.000000000000023,0.3162277660132844,
2025-12-01,TGCR,,,,,,4.07,3.85,4.07,4.08,4.13,,,1270.0,2025-12-01,TGCR,1270.0,4.07,-0.9999999999999787,7.9049913908168,
2025-12-01,BGCR,,,,,,4.07,3.85,4.07,4.08,4.14,,,1299.0,2025-12-01,BGCR,1299.0,4.07,-0.9999999999999787,7.9049913908168,
2025-12-01,SOFR,,,,,,4.12,4.0,4.07,4.18,4.21,,,3454.0,2025-12-01,SOFR,3454.0,4.12,0.0,7.989576542805582,
2025-12-01,SOFRAI,4.00288,4.1828,4.29184,1.22259071,,,,,,,,,,2025-12-01,SOFRAI,,,,,
2025-11-28,BGCR,,,,,,4.08,3.8,4.08,4.08,4.15,,,1269.0,2025-11-28,BGCR,1269.0,4.08,6.00000000000005,6.854844191437713,
2025-11-28,SOFRAI,4.00858,4.19021,4.2956,1.2221711,,,,,,,,,,2025-11-28,SOFRAI,,,,,
2025-11-28,SOFR,,,,,,4.12,3.93,4.08,4.19,4.23,,,3361.0,2025-11-28,SOFR,3361.0,4.12,7.000000000000028,6.746192341693807,
2025-11-28,EFFR,,,,,,3.89,3.84,3.88,3.89,3.92,3.75,4.0,90.0,2025-11-28,EFFR,90.0,3.88,0.0,0.4216370213607473,0.49999999999998934
2025-11-28,TGCR,,,,,,4.08,3.8,4.08,4.08,4.11,,,1236.0,2025-11-28,TGCR,1236.0,4.08,6.00000000000005,6.854844191437713,
2025-11-28,OBFR,,,,,,3.88,3.78,3.87,3.89,4.08,,,167.0,2025-11-28,OBFR,167.0,3.88,0.0,0.0,
2025-11-26,EFFR,,,,,,3.88,3.84,3.88,3.89,3.93,3.75,4.0,89.0,2025-11-26,EFFR,89.0,3.88,0.0,0.4830458915440343,0.49999999999998934
2025-11-26,OBFR,,,,,,3.88,3.75,3.87,3.89,3.91,,,171.0,2025-11-26,OBFR,171.0,3.88,0.0,0.31622776601315883,
2025-11-26,TGCR,,,,,,4.02,3.9,4.02,4.02,4.05,,,1258.0,2025-11-26,TGCR,1258.0,4.02,4.999999999999938,5.0110987927908015,
2025-11-26,BGCR,,,,,,4.02,3.86,4.02,4.02,4.08,,,1288.0,2025-11-26,BGCR,1288.0,4.02,4.999999999999938,5.0110987927908015,
2025-11-26,SOFR,,,,,,4.05,3.96,4.02,4.12,4.15,,,3297.0,2025-11-26,SOFR,3297.0,4.05,4.0000000000000036,4.69515116311098,
2025-11-26,SOFRAI,4.02465,4.19671,4.299,1.22189617,,,,,,,,,,2025-11-26,SOFRAI,,,,,
2025-11-25,EFFR,,,,,,3.88,3.84,3.88,3.89,3.93,3.75,4.0,78.0,2025-11-25,EFFR,78.0,3.88,0.0,0.5163977794984725,0.49999999999998934
2025-11-25,OBFR,,,,,,3.88,3.75,3.87,3.89,3.93,,,153.0,2025-11-25,OBFR,153.0,3.88,0.0,0.42163702135297604,
2025-11-25,TGCR,,,,,,3.97,3.8,3.97,3.97,4.0,,,1273.0,2025-11-25,TGCR,1273.0,3.97,4.0000000000000036,4.001388647845832,
2025-11-25,BGCR,,,,,,3.97,3.8,3.97,3.97,4.05,,,1299.0,2025-11-25,BGCR,1299.0,3.97,4.0000000000000036,4.001388647845832,
2025-11-25,SOFR,,,,,,4.01,3.93,3.97,4.07,4.09,,,3317.0,2025-11-25,SOFR,3317.0,4.01,4.999999999999982,3.7252889522554185,
2025-11-25,SOFRAI,4.03234,4.20063,4.30081,1.22176008,,,,,,,,,,2025-11-25,SOFRAI,,,,,
2025-11-24,SOFRAI,4.04169,4.20535,4.30291,1.2216257,,,,,,,,,,2025-11-24,SOFRAI,,,,,
2025-11-24,SOFR,,,,,,3.96,3.91,3.93,4.03,4.05,,,3232.0,2025-11-24,SOFR,3232.0,3.96,2.9999999999999805,3.2676869155102346,
2025-11-24,BGCR,,,,,,3.93,3.84,3.93,3.93,4.0,,,1288.0,2025-11-24,BGCR,1288.0,3.93,3.000000000000025,3.6651512019740333,
2025-11-24,TGCR,,,,,,3.93,3.84,3.93,3.93,3.96,,,1260.0,2025-11-24,TGCR,1260.0,3.93,3.000000000000025,3.6651512019740333,
2025-11-24,OBFR,,,,,,3.88,3.75,3.87,3.89,3.93,,,159.0,2025-11-24,OBFR,159.0,3.88,0.0,0.4830458915371591,
2025-11-24,EFFR,,,,,,3.88,3.84,3.88,3.89,3.93,3.75,4.0,73.0,2025-11-24,EFFR,73.0,3.88,0.0,0.6992058987832337,0.49999999999998934
2025-11-21,EFFR,,,,,,3.88,3.84,3.88,3.89,3.91,3.75,4.0,81.0,2025-11-21,EFFR,81.0,3.88,0.0,0.7888106377494448,0.49999999999998934
2025-11-21,TGCR,,,,,,3.9,3.8,3.9,3.9,3.93,,,1251.0,2025-11-21,TGCR,1251.0,3.9,4.0000000000000036,3.749073959733779,
2025-11-21,BGCR,,,,,,3.9,3.8,3.9,3.9,3.96,,,1276.0,2025-11-21,BGCR,1276.0,3.9,4.0000000000000036,3.749073959733779,
2025-11-21,SOFR,,,,,,3.93,3.88,3.9,4.0,4.01,,,3203.0,2025-11-21,SOFR,3203.0,3.93,2.0000000000000018,3.333333333336222,
2025-11-21,SOFRAI,4.0718,4.21995,4.30882,1.22122575,,,,,,,,,,2025-11-21,SOFRAI,,,,,
2025-11-21,OBFR,,,,,,3.88,3.76,3.87,3.89,3.93,,,174.0,2025-11-21,OBFR,174.0,3.88,0.0,0.5163977794919629,
2025-11-20,BGCR,,,,,,3.86,3.82,3.86,3.87,3.95,,,1276.0,2025-11-20,BGCR,1276.0,3.86,-1.000000000000023,3.8064273129651682,
2025-11-20,SOFRAI,4.0825,4.22499,4.3108,1.22109313,,,,,,,,,,2025-11-20,SOFRAI,,,,,
2025-11-20,SOFR,,,,,,3.91,3.85,3.86,3.96,4.0,,,3170.0,2025-11-20,SOFR,3170.0,3.91,0.0,3.4140233677546656,
2025-11-20,TGCR,,,,,,3.86,3.82,3.86,3.86,3.93,,,1253.0,2025-11-20,TGCR,1253.0,3.86,-1.000000000000023,3.8064273129651682,
2025-11-20,OBFR,,,,,,3.88,3.78,3.86,3.89,3.95,,,179.0,2025-11-20,OBFR,179.0,3.88,0.0,0.5270462766923873,
2025-11-20,EFFR,,,,,,3.88,3.84,3.88,3.89,3.93,3.75,4.0,75.0,2025-11-20,EFFR,75.0,3.88,0.0,0.8164965809305117,0.49999999999998934
2025-11-19,EFFR,,,,,,3.88,3.84,3.88,3.89,3.91,3.75,4.0,76.0,2025-11-19,EFFR,76.0,3.88,0.0,0.7888106377495572,0.49999999999998934
2025-11-19,OBFR,,,,,,3.88,3.77,3.87,3.89,3.91,,,166.0,2025-11-19,OBFR,166.0,3.88,0.0,0.5163977794919041,
2025-11-19,TGCR,,,,,,3.87,3.81,3.87,3.87,3.95,,,1244.0,2025-11-19,TGCR,1244.0,3.87,-2.9999999999999805,3.5339622081860513,
2025-11-19,BGCR,,,,,,3.87,3.82,3.87,3.87,3.95,,,1272.0,2025-11-19,BGCR,1272.0,3.87,-2.9999999999999805,3.5339622081860513,
2025-11-19,SOFR,,,,,,3.91,3.85,3.87,3.96,3.98,,,3179.0,2025-11-19,SOFR,3179.0,3.91,-2.9999999999999805,3.4140233677546656,
2025-11-19,SOFRAI,4.09086,4.2296,4.31278,1.22096052,,,,,,,,,,2025-11-19,SOFRAI,,,,,
2025-11-18,BGCR,,,,,,3.9,3.8,3.9,3.9,4.01,,,1278.0,2025-11-18,BGCR,1278.0,3.9,-6.000000000000005,3.6530048514124593,
2025-11-18,SOFRAI,4.09888,4.23375,4.31459,1.22082691,,,,,,,,,,2025-11-18,SOFRAI,,,,,
2025-11-18,SOFR,,,,,,3.94,3.87,3.9,4.0,4.03,,,3220.0,2025-11-18,SOFR,3220.0,3.94,-6.000000000000005,3.4576806613066746,
2025-11-18,OBFR,,,,,,3.88,3.77,3.87,3.89,3.94,,,164.0,2025-11-18,OBFR,164.0,3.88,0.0,0.48304589153703814,
2025-11-18,TGCR,,,,,,3.9,3.8,3.9,3.9,4.01,,,1256.0,2025-11-18,TGCR,1256.0,3.9,-6.000000000000005,3.6530048514124593,
2025-11-18,EFFR,,,,,,3.88,3.84,3.88,3.89,3.91,3.75,4.0,78.0,2025-11-18,EFFR,78.0,3.88,0.9999999999999787,0.6992058987834876,0.49999999999998934
2025-11-17,EFFR,,,,,,3.88,3.84,3.87,3.89,3.93,3.75,4.0,75.0,2025-11-17,EFFR,75.0,3.87,0.0,0.5163977794989885,-0.49999999999998934
2025-11-17,OBFR,,,,,,3.88,3.77,3.87,3.89,3.91,,,150.0,2025-11-17,OBFR,150.0,3.88,0.0,0.42163702135276543,
2025-11-17,TGCR,,,,,,3.96,3.82,3.96,3.97,4.0,,,1246.0,2025-11-17,TGCR,1246.0,3.96,4.0000000000000036,6.168017869984101,
2025-11-17,BGCR,,,,,,3.96,3.82,3.96,3.97,4.05,,,1276.0,2025-11-17,BGCR,1276.0,3.96,4.0000000000000036,6.168017869984101,
2025-11-17,SOFR,,,,,,4.0,3.93,3.96,4.06,4.08,,,3278.0,2025-11-17,SOFR,3278.0,4.0,4.999999999999982,6.3604681868218345,
2025-11-17,SOFRAI,4.10489,4.23746,4.31607,1.22069127,,,,,,,,,,2025-11-17,SOFRAI,,,,,
2025-11-14,OBFR,,,,,,3.88,3.75,3.86,3.88,3.91,,,157.0,2025-11-14,OBFR,157.0,3.88,0.9999999999999787,0.471404520788294,
2025-11-14,TGCR,,,,,,3.92,3.79,3.92,3.92,4.01,,,1231.0,2025-11-14,TGCR,1231.0,3.92,-5.000000000000027,8.947377020979651,
2025-11-14,BGCR,,,,,,3.92,3.8,3.92,3.92,4.01,,,1265.0,2025-11-14,BGCR,1265.0,3.92,-5.000000000000027,8.947377020979651,
2025-11-14,SOFR,,,,,,3.95,3.85,3.92,4.02,4.05,,,3195.0,2025-11-14,SOFR,3195.0,3.95,-4.999999999999982,10.004998750625369,
2025-11-14,SOFRAI,4.13567,4.25105,4.32181,1.2202896,,,,,,,,,,2025-11-14,SOFRAI,,,,,
2025-11-14,EFFR,,,,,,3.88,3.84,3.87,3.89,3.93,3.75,4.0,72.0,2025-11-14,EFFR,72.0,3.87,0.0,0.6324555320375365,-0.49999999999998934
2025-11-13,BGCR,,,,,,3.97,3.8,3.97,3.98,4.04,,,1260.0,2025-11-13,BGCR,1260.0,3.97,2.0000000000000018,8.82924433660972,
2025-11-13,SOFRAI,4.14202,4.25508,4.32351,1.22015402,,,,,,,,,,2025-11-13,SOFRAI,,,,,
2025-11-13,SOFR,,,,,,4.0,3.9,3.97,4.08,4.1,,,3197.0,2025-11-13,SOFR,3197.0,4.0,2.0000000000000018,9.919677414110524,
2025-11-13,TGCR,,,,,,3.97,3.8,3.97,3.97,4.0,,,1227.0,2025-11-13,TGCR,1227.0,3.97,2.0000000000000018,8.82924433660972,
2025-11-13,OBFR,,,,,,3.87,3.75,3.86,3.89,3.93,,,172.0,2025-11-13,OBFR,172.0,3.87,0.0,0.31622776601273217,
2025-11-13,EFFR,,,,,,3.88,3.84,3.87,3.89,3.93,3.75,4.0,78.0,2025-11-13,EFFR,78.0,3.87,0.0,0.5676462122018724,-0.49999999999998934
2025-11-12,EFFR,,,,,,3.87,3.84,3.87,3.88,3.93,3.75,4.0,77.0,2025-11-12,EFFR,77.0,3.87,1.000000000000023,7.919736247011431,-0.49999999999998934
2025-11-12,TGCR,,,,,,3.95,3.82,3.95,3.95,3.98,,,1231.0,2025-11-12,TGCR,1231.0,3.95,2.0000000000000018,12.233378746509697,
2025-11-12,BGCR,,,,,,3.95,3.83,3.95,3.95,4.03,,,1263.0,2025-11-12,BGCR,1263.0,3.95,2.0000000000000018,12.233378746509697,
2025-11-12,SOFR,,,,,,3.98,3.9,3.95,4.05,4.07,,,3209.0,2025-11-12,SOFR,3209.0,3.98,2.9999999999999805,12.903487900564405,
2025-11-12,SOFRAI,4.14771,4.25912,4.32532,1.22001914,,,,,,,,,,2025-11-12,SOFRAI,,,,,
2025-11-12,OBFR,,,,,,3.87,3.77,3.86,3.88,3.92,,,156.0,2025-11-12,OBFR,156.0,3.87,0.0,7.9470469707655225,
2025-11-10,BGCR,,,,,,3.93,3.83,3.93,3.93,3.99,,,1234.0,2025-11-10,BGCR,1234.0,3.93,4.0000000000000036,14.92053022590759,
2025-11-10,SOFRAI,4.16105,4.268,4.32929,1.21975148,,,,,,,,,,2025-11-10,SOFRAI,,,,,
2025-11-10,SOFR,,,,,,3.95,3.88,3.93,4.03,4.05,,,3135.0,2025-11-10,SOFR,3135.0,3.95,2.0000000000000018,15.331883989473571,
2025-11-10,TGCR,,,,,,3.93,3.83,3.93,3.93,3.96,,,1214.0,2025-11-10,TGCR,1214.0,3.93,4.0000000000000036,14.92053022590759,
2025-11-10,OBFR,,,,,,3.87,3.77,3.86,3.88,3.91,,,161.0,2025-11-10,OBFR,161.0,3.87,0.0,10.598217879540902,
2025-11-10,EFFR,,,,,,3.87,3.84,3.86,3.88,3.9,3.75,4.0,77.0,2025-11-10,EFFR,77.0,3.86,0.0,10.598217879541174,-1.5000000000000124
2025-11-07,EFFR,,,,,,3.87,3.84,3.86,3.88,3.93,3.75,4.0,83.0,2025-11-07,EFFR,83.0,3.86,0.0,12.149074038790095,-1.5000000000000124
2025-11-07,OBFR,,,,,,3.87,3.75,3.85,3.88,3.91,,,162.0,2025-11-07,OBFR,162.0,3.87,0.0,11.991200477387052,
2025-11-07,TGCR,,,,,,3.89,3.8,3.89,3.9,3.93,,,1192.0,2025-11-07,TGCR,1192.0,3.89,0.0,15.762473015220538,
2025-11-07,BGCR,,,,,,3.89,3.8,3.89,3.9,3.98,,,1216.0,2025-11-07,BGCR,1216.0,3.89,0.0,15.762473015220538,
2025-11-07,SOFR,,,,,,3.93,3.87,3.9,3.99,4.01,,,3069.0,2025-11-07,SOFR,3069.0,3.93,1.000000000000023,15.923427883328465,
2025-11-07,SOFRAI,4.18145,4.28204,4.33537,1.21935214,,,,,,,,,,2025-11-07,SOFRAI,,,,,
2025-11-06,BGCR,,,,,,3.89,3.8,3.89,3.9,3.98,,,1219.0,2025-11-06,BGCR,1219.0,3.89,1.000000000000023,15.094148976783478,
2025-11-06,SOFRAI,4.18881,4.28686,4.33741,1.21921938,,,,,,,,,,2025-11-06,SOFRAI,,,,,
2025-11-06,SOFR,,,,,,3.92,3.86,3.89,3.99,4.01,,,3156.0,2025-11-06,SOFR,3156.0,3.92,0.9999999999999787,15.249408003081605,
2025-11-06,TGCR,,,,,,3.89,3.8,3.89,3.9,3.92,,,1189.0,2025-11-06,TGCR,1189.0,3.89,1.000000000000023,15.094148976783478,
2025-11-06,OBFR,,,,,,3.87,3.77,3.85,3.88,3.93,,,160.0,2025-11-06,OBFR,160.0,3.87,0.0,12.745805410234162,
2025-11-06,EFFR,,,,,,3.87,3.84,3.86,3.87,3.93,3.75,4.0,87.0,2025-11-06,EFFR,87.0,3.86,0.0,12.999572642548365,-1.5000000000000124
2025-11-05,EFFR,,,,,,3.87,3.84,3.86,3.87,3.9,3.75,4.0,94.0,2025-11-05,EFFR,94.0,3.86,0.0,13.284912076822017,-1.5000000000000124
2025-11-05,OBFR,,,,,,3.87,3.77,3.85,3.88,3.91,,,166.0,2025-11-05,OBFR,166.0,3.87,0.0,12.97390543445656,
2025-11-05,TGCR,,,,,,3.88,3.8,3.88,3.88,4.01,,,1171.0,2025-11-05,TGCR,1171.0,3.88,-10.000000000000009,13.581441586059862,
2025-11-05,BGCR,,,,,,3.88,3.8,3.88,3.88,4.01,,,1195.0,2025-11-05,BGCR,1195.0,3.88,-10.000000000000009,13.581441586059862,
2025-11-05,SOFR,,,,,,3.91,3.85,3.88,3.98,4.01,,,3145.0,2025-11-05,SOFR,3145.0,3.91,-8.999999999999986,13.597793938724138,
2025-11-05,SOFRAI,4.19683,4.2918,4.3395,1.21908697,,,,,,,,,,2025-11-05,SOFRAI,,,,,
2025-11-04,SOFR,,,,,,4.0,3.94,3.98,4.08,4.14,,,3147.0,2025-11-04,SOFR,3147.0,4.0,-12.99999999999999,10.306955580254257,
2025-11-04,SOFRAI,4.20285,4.29562,4.34115,1.21895153,,,,,,,,,,2025-11-04,SOFRAI,,,,,
2025-11-04,BGCR,,,,,,3.98,3.9,3.98,3.98,4.14,,,1183.0,2025-11-04,BGCR,1183.0,3.98,-10.999999999999988,10.47801932088739,
2025-11-04,TGCR,,,,,,3.98,3.9,3.98,3.98,4.14,,,1156.0,2025-11-04,TGCR,1156.0,3.98,-10.999999999999988,10.47801932088739,
2025-11-04,OBFR,,,,,,3.87,3.77,3.86,3.88,3.91,,,165.0,2025-11-04,OBFR,165.0,3.87,0.0,12.703892666772978,
2025-11-04,EFFR,,,,,,3.87,3.84,3.86,3.87,3.9,3.75,4.0,94.0,2025-11-04,EFFR,94.0,3.86,0.0,12.959766801742905,-1.5000000000000124
2025-11-03,EFFR,,,,,,3.87,3.84,3.86,3.87,3.9,3.75,4.0,98.0,2025-11-03,EFFR,98.0,3.86,0.9999999999999787,12.108766337749838,-1.5000000000000124
2025-11-03,OBFR,,,,,,3.87,3.78,3.86,3.88,3.91,,,177.0,2025-11-03,OBFR,177.0,3.87,1.000000000000023,11.901913945057544,
2025-11-03,TGCR,,,,,,4.09,3.8,4.09,4.09,4.23,,,1122.0,2025-11-03,TGCR,1122.0,4.09,-6.00000000000005,8.498365855988006,
2025-11-03,BGCR,,,,,,4.09,3.8,4.09,4.09,4.23,,,1159.0,2025-11-03,BGCR,1159.0,4.09,-6.00000000000005,8.498365855988006,
2025-11-03,SOFR,,,,,,4.13,4.0,4.09,4.2,4.23,,,3237.0,2025-11-03,SOFR,3237.0,4.13,-8.999999999999986,7.7774603109812395,
2025-11-03,SOFRAI,4.20451,4.29798,4.34212,1.21881171,,,,,,,,,,2025-11-03,SOFRAI,,,,,
2025-10-31,BGCR,,,,,,4.15,3.9,4.14,4.15,4.35,,,1153.0,2025-10-31,BGCR,1153.0,4.15,16.000000000000014,8.192815280611587,
2025-10-31,SOFRAI,4.20185,4.30192,4.34411,1.21838324,,,,,,,,,,2025-10-31,SOFRAI,,,,,
2025-10-31,SOFR,,,,,,4.22,4.05,4.15,4.29,4.35,,,3211.0,2025-10-31,SOFR,3211.0,4.22,17.99999999999997,7.46026511295375,
2025-10-31,OBFR,,,,,,3.86,3.78,3.85,3.88,3.93,,,195.0,2025-10-31,OBFR,195.0,3.86,-1.000000000000023,10.446158251827427,
2025-10-31,TGCR,,,,,,4.15,3.9,4.14,4.15,4.19,,,1117.0,2025-10-31,TGCR,1117.0,4.15,16.000000000000014,8.192815280611587,
2025-10-31,EFFR,,,,,,3.86,3.84,3.85,3.87,3.93,3.75,4.0,107.0,2025-10-31,EFFR,107.0,3.85,-0.9999999999999787,10.606077922063825,-2.499999999999991
2025-10-30,EFFR,,,,,,3.87,3.84,3.86,3.87,3.9,3.75,4.0,104.0,2025-10-30,EFFR,104.0,3.86,-25.000000000000043,7.781031065639364,-1.5000000000000124
2025-10-30,TGCR,,,,,,3.99,3.9,3.98,3.99,4.28,,,1142.0,2025-10-30,TGCR,1142.0,3.99,-25.0,8.154071920757715,
2025-10-30,BGCR,,,,,,3.99,3.9,3.98,3.99,4.28,,,1170.0,2025-10-30,BGCR,1170.0,3.99,-25.0,8.154071920757715,
2025-10-30,SOFR,,,,,,4.04,3.95,3.99,4.09,4.27,,,3098.0,2025-10-30,SOFR,3098.0,4.04,-22.999999999999954,7.560864148142474,
2025-10-30,SOFRAI,4.20854,4.30527,4.34592,1.21824653,,,,,,,,,,2025-10-30,SOFRAI,,,,,
2025-10-30,OBFR,,,,,,3.87,3.75,3.85,3.88,3.94,,,179.0,2025-10-30,OBFR,179.0,3.87,-25.0,7.671013260609348,
2025-10-29,BGCR,,,,,,4.24,4.08,4.24,4.24,4.32,,,1150.0,2025-10-29,BGCR,1150.0,4.24,-4.0000000000000036,4.6904157598234875,
2025-10-29,SOFRAI,4.20386,4.30662,4.34643,1.21810205,,,,,,,,,,2025-10-29,SOFRAI,,,,,
2025-10-29,SOFR,,,,,,4.27,4.18,4.24,4.33,4.36,,,3061.0,2025-10-29,SOFR,3061.0,4.27,-4.0000000000000036,4.863697724525407,
2025-10-29,TGCR,,,,,,4.24,4.08,4.24,4.24,4.32,,,1115.0,2025-10-29,TGCR,1115.0,4.24,-4.0000000000000036,4.6904157598234875,
2025-10-29,OBFR,,,,,,4.12,4.03,4.1,4.13,4.15,,,189.0,2025-10-29,OBFR,189.0,4.12,0.0,0.4216370213559092,
2025-10-29,EFFR,,,,,,4.12,4.09,4.11,4.12,4.15,4.0,4.25,98.0,2025-10-29,EFFR,98.0,4.11,0.0,0.5270462766948455,-1.499999999999968
2025-10-28,EFFR,,,,,,4.12,4.09,4.11,4.12,4.15,4.0,4.25,92.0,2025-10-28,EFFR,92.0,4.11,0.0,0.5163977794944461,-1.499999999999968
2025-10-28,OBFR,,,,,,4.12,4.03,4.1,4.13,4.16,,,178.0,2025-10-28,OBFR,178.0,4.12,0.9999999999999787,0.47140452079113565,
2025-10-28,TGCR,,,,,,4.28,4.09,4.27,4.28,4.31,,,1111.0,2025-10-28,TGCR,1111.0,4.28,4.0000000000000036,4.77144282860721,
2025-10-28,BGCR,,,,,,4.28,4.09,4.27,4.28,4.35,,,1138.0,2025-10-28,BGCR,1138.0,4.28,4.0000000000000036,4.77144282860721,
2025-10-28,SOFR,,,,,,4.31,4.2,4.28,4.39,4.42,,,3067.0,2025-10-28,SOFR,3067.0,4.31,4.0000000000000036,5.034326612809547,
2025-10-28,SOFRAI,4.19884,4.30673,4.34688,1.21795623,,,,,,,,,,2025-10-28,SOFRAI,,,,,
2025-10-27,BGCR,,,,,,4.24,4.06,4.24,4.24,4.32,,,1131.0,2025-10-27,BGCR,1131.0,4.24,3.000000000000025,4.332051092342646,
2025-10-27,SOFRAI,4.19515,4.30774,4.34768,1.21781179,,,,,,,,,,2025-10-27,SOFRAI,,,,,
2025-10-27,SOFR,,,,,,4.27,4.15,4.24,4.34,4.36,,,3019.0,2025-10-27,SOFR,3019.0,4.27,2.999999999999936,4.677368680976124,
2025-10-27,OBFR,,,,,,4.11,4.02,4.1,4.12,4.16,,,176.0,2025-10-27,OBFR,176.0,4.11,0.0,0.4216370213558751,
2025-10-27,TGCR,,,,,,4.24,4.05,4.24,4.24,4.27,,,1103.0,2025-10-27,TGCR,1103.0,4.24,3.000000000000025,4.332051092342646,
2025-10-27,EFFR,,,,,,4.12,4.09,4.11,4.12,4.15,4.0,4.25,88.0,2025-10-27,EFFR,88.0,4.11,0.0,0.48304589153977984,-1.499999999999968
2025-10-24,EFFR,,,,,,4.11,4.09,4.11,4.12,4.15,4.0,4.25,90.0,2025-10-24,EFFR,90.0,4.11,0.0,0.5676462121976553,-1.499999999999968
2025-10-24,OBFR,,,,,,4.11,4.02,4.1,4.12,4.16,,,180.0,2025-10-24,OBFR,180.0,4.11,0.0,0.48304589153973265,
2025-10-24,TGCR,,,,,,4.21,4.1,4.21,4.21,4.25,,,1111.0,2025-10-24,TGCR,1111.0,4.21,0.0,4.715223571935227,
2025-10-24,BGCR,,,,,,4.21,4.1,4.21,4.21,4.28,,,1136.0,2025-10-24,BGCR,1136.0,4.21,0.0,4.715223571935227,
2025-10-24,SOFR,,,,,,4.24,4.16,4.21,4.3,4.33,,,3000.0,2025-10-24,SOFR,3000.0,4.24,0.0,5.087020520675801,
2025-10-24,SOFRAI,4.1868,4.3118,4.34956,1.21738164,,,,,,,,,,2025-10-24,SOFRAI,,,,,
2025-10-23,OBFR,,,,,,4.11,4.0,4.1,4.12,4.15,,,173.0,2025-10-23,OBFR,173.0,4.11,0.0,0.516397779494402,
2025-10-23,TGCR,,,,,,4.21,4.09,4.21,4.21,4.24,,,1113.0,2025-10-23,TGCR,1113.0,4.21,3.000000000000025,5.358275012642717,
2025-10-23,BGCR,,,,,,4.21,4.1,4.21,4.21,4.28,,,1145.0,2025-10-23,BGCR,1145.0,4.21,3.000000000000025,5.358275012642717,
2025-10-23,SOFR,,,,,,4.24,4.15,4.21,4.3,4.33,,,3002.0,2025-10-23,SOFR,3002.0,4.24,3.000000000000025,5.731007280089916,
2025-10-23,SOFRAI,4.18279,4.31313,4.35007,1.21723828,,,,,,,,,,2025-10-23,SOFRAI,,,,,
2025-10-23,EFFR,,,,,,4.11,4.09,4.11,4.12,4.15,4.0,4.25,93.0,2025-10-23,EFFR,93.0,4.11,1.0000000000000675,0.5676462121976387,-1.499999999999968
2025-10-22,BGCR,,,,,,4.18,4.08,4.18,4.18,4.24,,,1152.0,2025-10-22,BGCR,1152.0,4.18,-3.000000000000025,5.834761729877625,
2025-10-22,SOFRAI,4.18045,4.31414,4.35074,1.21709595,,,,,,,,,,2025-10-22,SOFRAI,,,,,
2025-10-22,SOFR,,,,,,4.21,4.14,4.18,4.27,4.29,,,2956.0,2025-10-22,SOFR,2956.0,4.21,-2.000000000000046,6.221825384170666,
2025-10-22,TGCR,,,,,,4.18,4.07,4.18,4.18,4.24,,,1123.0,2025-10-22,TGCR,1123.0,4.18,-3.000000000000025,5.834761729877625,
2025-10-22,OBFR,,,,,,4.11,4.0,4.1,4.12,4.15,,,180.0,2025-10-22,OBFR,180.0,4.11,0.0,0.5270462766948023,
2025-10-22,EFFR,,,,,,4.11,4.09,4.1,4.12,4.15,4.0,4.25,91.0,2025-10-22,EFFR,91.0,4.1,0.0,0.48304589153972155,-2.5000000000000355
2025-10-21,EFFR,,,,,,4.11,4.09,4.1,4.12,4.18,4.0,4.25,85.0,2025-10-21,EFFR,85.0,4.1,0.0,0.5163977794943795,-2.5000000000000355
2025-10-21,OBFR,,,,,,4.11,4.02,4.1,4.12,4.16,,,162.0,2025-10-21,OBFR,162.0,4.11,0.0,0.6749485577105968,
2025-10-21,TGCR,,,,,,4.21,4.08,4.2,4.21,4.24,,,1132.0,2025-10-21,TGCR,1132.0,4.21,8.999999999999986,5.959119994689749,
2025-10-21,BGCR,,,,,,4.21,4.08,4.2,4.21,4.26,,,1163.0,2025-10-21,BGCR,1163.0,4.21,8.999999999999986,5.959119994689749,
2025-10-21,SOFR,,,,,,4.23,4.15,4.21,4.29,4.33,,,2957.0,2025-10-21,SOFR,2957.0,4.23,7.000000000000028,6.436872946806768,
2025-10-21,SOFRAI,4.17744,4.31471,4.35108,1.21695296,,,,,,,,,,2025-10-21,SOFRAI,,,,,
2025-10-20,SOFR,,,,,,4.16,4.1,4.12,4.21,4.26,,,2945.0,2025-10-20,SOFR,2945.0,4.16,-1.9999999999999574,6.367451958550145,
2025-10-20,SOFRAI,4.17675,4.31605,4.35176,1.21681235,,,,,,,,,,2025-10-20,SOFRAI,,,,,
2025-10-20,BGCR,,,,,,4.12,4.09,4.12,4.13,4.22,,,1164.0,2025-10-20,BGCR,1164.0,4.12,-4.0000000000000036,5.715476066494082,
2025-10-20,TGCR,,,,,,4.12,4.09,4.12,4.13,4.19,,,1135.0,2025-10-20,TGCR,1135.0,4.12,-4.0000000000000036,5.715476066494082,
2025-10-20,OBFR,,,,,,4.11,4.02,4.1,4.12,4.17,,,163.0,2025-10-20,OBFR,163.0,4.11,0.0,0.7378647873726593,
2025-10-20,EFFR,,,,,,4.11,4.09,4.1,4.12,4.15,4.0,4.25,82.0,2025-10-20,EFFR,82.0,4.1,0.0,0.5270462766947703,-2.5000000000000355
2025-10-17,EFFR,,,,,,4.11,4.09,4.1,4.12,4.18,4.0,4.25,79.0,2025-10-17,EFFR,79.0,4.1,0.0,0.5163977794943432,-2.5000000000000355
2025-10-17,OBFR,,,,,,4.11,4.02,4.09,4.12,4.17,,,169.0,2025-10-17,OBFR,169.0,4.11,0.0,0.7378647873726465,
2025-10-17,TGCR,,,,,,4.16,4.1,4.15,4.16,4.31,,,1145.0,2025-10-17,TGCR,1145.0,4.16,-8.999999999999986,5.621387729022084,
2025-10-17,BGCR,,,,,,4.16,4.1,4.15,4.16,4.31,,,1180.0,2025-10-17,BGCR,1180.0,4.16,-8.999999999999986,5.621387729022084,
2025-10-17,SOFR,,,,,,4.18,4.1,4.16,4.24,4.3,,,3022.0,2025-10-17,SOFR,3022.0,4.18,-12.00000000000001,6.32543366980563,
2025-10-17,SOFRAI,4.18078,4.31988,4.35404,1.21638864,,,,,,,,,,2025-10-17,SOFRAI,,,,,
2025-10-16,BGCR,,,,,,4.25,4.1,4.25,4.26,4.34,,,1180.0,2025-10-16,BGCR,1180.0,4.25,0.0,5.642103626603593,
2025-10-16,SOFRAI,4.18379,4.31987,4.35415,1.21624336,,,,,,,,,,2025-10-16,SOFRAI,,,,,
2025-10-16,SOFR,,,,,,4.3,4.15,4.26,4.37,4.41,,,3045.0,2025-10-16,SOFR,3045.0,4.3,0.9999999999999787,6.346477588219888,
2025-10-16,EFFR,,,,,,4.11,4.09,4.1,4.12,4.15,4.0,4.25,85.0,2025-10-16,EFFR,85.0,4.1,0.0,0.48304589153964733,-2.5000000000000355
2025-10-16,TGCR,,,,,,4.25,4.1,4.25,4.26,4.3,,,1143.0,2025-10-16,TGCR,1143.0,4.25,0.0,5.642103626603593,
2025-10-16,OBFR,,,,,,4.11,4.02,4.09,4.12,4.15,,,171.0,2025-10-16,OBFR,171.0,4.11,1.0000000000000675,0.6749485577105552,
2025-10-15,EFFR,,,,,,4.1,4.09,4.1,4.12,4.15,4.0,4.25,81.0,2025-10-15,EFFR,81.0,4.1,0.0,0.4216370213557723,-2.5000000000000355
2025-10-15,OBFR,,,,,,4.1,4.0,4.09,4.11,4.15,,,165.0,2025-10-15,OBFR,165.0,4.1,0.0,0.5270462766947135,
2025-10-15,TGCR,,,,,,4.25,4.1,4.25,4.25,4.28,,,1141.0,2025-10-15,TGCR,1141.0,4.25,8.999999999999986,4.575295983139592,
2025-10-15,BGCR,,,,,,4.25,4.1,4.25,4.25,4.35,,,1183.0,2025-10-15,BGCR,1183.0,4.25,8.999999999999986,4.575295983139592,
2025-10-15,SOFR,,,,,,4.29,4.19,4.25,4.35,4.39,,,3059.0,2025-10-15,SOFR,3059.0,4.29,9.999999999999964,4.972144630058756,
2025-10-15,SOFRAI,4.19115,4.32043,4.35432,1.21609845,,,,,,,,,,2025-10-15,SOFRAI,,,,,
2025-10-14,EFFR,,,,,,4.1,4.08,4.1,4.11,4.18,4.0,4.25,80.0,2025-10-14,EFFR,80.0,4.1,0.9999999999999787,,-2.5000000000000355
2025-10-14,OBFR,,,,,,4.1,4.0,4.09,4.1,4.15,,,168.0,2025-10-14,OBFR,168.0,4.1,0.0,,
2025-10-14,TGCR,,,,,,4.16,4.1,4.16,4.17,4.2,,,1113.0,2025-10-14,TGCR,1113.0,4.16,4.0000000000000036,,
2025-10-14,BGCR,,,,,,4.16,4.1,4.16,4.17,4.28,,,1144.0,2025-10-14,BGCR,1144.0,4.16,4.0000000000000036,,
2025-10-14,SOFR,,,,,,4.19,4.14,4.17,4.26,4.3,,,2932.0,2025-10-14,SOFR,2932.0,4.19,4.0000000000000036,,
2025-10-14,SOFRAI,4.19884,4.32212,4.35505,1.21595692,,,,,,,,,,2025-10-14,SOFRAI,,,,,
2025-10-10,BGCR,,,,,,4.12,4.07,4.12,4.12,4.21,,,1138.0,2025-10-10,BGCR,1138.0,4.12,2.000000000000046,,
2025-10-10,SOFR,,,,,,4.15,4.1,4.12,4.21,4.23,,,2895.0,2025-10-10,SOFR,2895.0,4.15,2.000000000000046,,
2025-10-10,SOFRAI,4.23367,4.33023,4.35921,1.21539649,,,,,,,,,,2025-10-10,SOFRAI,,,,,
2025-10-10,TGCR,,,,,,4.12,4.07,4.12,4.12,4.15,,,1110.0,2025-10-10,TGCR,1110.0,4.12,2.000000000000046,,
2025-10-10,EFFR,,,,,,4.1,4.08,4.09,4.1,4.15,4.0,4.25,87.0,2025-10-10,EFFR,87.0,4.09,0.0,,-3.500000000000014
2025-10-10,OBFR,,,,,,4.1,4.02,4.09,4.1,4.15,,,174.0,2025-10-10,OBFR,174.0,4.1,0.0,,
2025-10-09,EFFR,,,,,,4.1,4.08,4.09,4.1,4.15,4.0,4.25,84.0,2025-10-09,EFFR,84.0,4.09,0.0,,-3.500000000000014
2025-10-09,OBFR,,,,,,4.1,4.02,4.09,4.1,4.15,,,174.0,2025-10-09,OBFR,174.0,4.1,0.0,,
2025-10-09,TGCR,,,,,,4.1,4.06,4.1,4.1,4.14,,,1120.0,2025-10-09,TGCR,1120.0,4.1,0.9999999999999787,,
2025-10-09,BGCR,,,,,,4.1,4.06,4.1,4.1,4.17,,,1148.0,2025-10-09,BGCR,1148.0,4.1,0.9999999999999787,,
2025-10-09,SOFR,,,,,,4.13,4.08,4.1,4.19,4.21,,,2923.0,2025-10-09,SOFR,2923.0,4.13,0.9999999999999787,,
2025-10-09,SOFRAI,4.2427,4.33224,4.36034,1.21525707,,,,,,,,,,2025-10-09,SOFRAI,,,,,
2025-10-08,SOFR,,,,,,4.12,4.08,4.09,4.18,4.2,,,2924.0,2025-10-08,SOFR,2924.0,4.12,-1.9999999999999574,,
2025-10-08,SOFRAI,4.25207,4.33437,4.36152,1.21511801,,,,,,,,,,2025-10-08,SOFRAI,,,,,
2025-10-08,BGCR,,,,,,4.09,4.05,4.09,4.1,4.16,,,1167.0,2025-10-08,BGCR,1167.0,4.09,-3.000000000000025,,
2025-10-08,TGCR,,,,,,4.09,4.05,4.09,4.1,4.15,,,1135.0,2025-10-08,TGCR,1135.0,4.09,-3.000000000000025,,
2025-10-08,OBFR,,,,,,4.1,4.0,4.09,4.1,4.16,,,156.0,2025-10-08,OBFR,156.0,4.1,0.9999999999999787,,
2025-10-08,EFFR,,,,,,4.1,4.08,4.09,4.1,4.15,4.0,4.25,76.0,2025-10-08,EFFR,76.0,4.09,0.0,,-3.500000000000014
2025-10-07,EFFR,,,,,,4.09,4.08,4.09,4.1,4.15,4.0,4.25,81.0,2025-10-07,EFFR,81.0,4.09,0.0,,-3.500000000000014
2025-10-07,OBFR,,,,,,4.09,4.0,4.09,4.1,4.15,,,160.0,2025-10-07,OBFR,160.0,4.09,0.0,,
2025-10-07,TGCR,,,,,,4.12,4.05,4.12,4.12,4.16,,,1134.0,2025-10-07,TGCR,1134.0,4.12,-0.9999999999999787,,
2025-10-07,BGCR,,,,,,4.12,4.05,4.12,4.12,4.19,,,1165.0,2025-10-07,BGCR,1165.0,4.12,-0.9999999999999787,,
2025-10-07,SOFR,,,,,,4.14,4.09,4.12,4.2,4.23,,,2946.0,2025-10-07,SOFR,2946.0,4.14,-1.0000000000000675,,
2025-10-07,SOFRAI,4.26143,4.33639,4.36283,1.21497829,,,,,,,,,,2025-10-07,SOFRAI,,,,,
2025-10-06,BGCR,,,,,,4.13,4.05,4.13,4.13,4.2,,,1181.0,2025-10-06,BGCR,1181.0,4.13,-3.000000000000025,,
2025-10-06,SOFRAI,4.27044,4.33853,4.36436,1.21483824,,,,,,,,,,2025-10-06,SOFRAI,,,,,
2025-10-06,SOFR,,,,,,4.15,4.09,4.13,4.21,4.24,,,2981.0,2025-10-06,SOFR,2981.0,4.15,-2.999999999999936,,
2025-10-06,OBFR,,,,,,4.09,4.0,4.09,4.1,4.15,,,164.0,2025-10-06,OBFR,164.0,4.09,0.0,,
2025-10-06,TGCR,,,,,,4.13,4.05,4.13,4.13,4.19,,,1147.0,2025-10-06,TGCR,1147.0,4.13,-3.000000000000025,,
2025-10-06,EFFR,,,,,,4.09,4.08,4.09,4.1,4.18,4.0,4.25,84.0,2025-10-06,EFFR,84.0,4.09,0.0,,-3.500000000000014
2025-10-03,EFFR,,,,,,4.09,4.08,4.09,4.1,4.15,4.0,4.25,95.0,2025-10-03,EFFR,95.0,4.09,0.0,,-3.500000000000014
2025-10-03,OBFR,,,,,,4.09,4.01,4.08,4.1,4.15,,,183.0,2025-10-03,OBFR,183.0,4.09,0.0,,
2025-10-03,TGCR,,,,,,4.16,4.07,4.16,4.16,4.21,,,1148.0,2025-10-03,TGCR,1148.0,4.16,-0.9999999999999787,,
2025-10-03,BGCR,,,,,,4.16,4.07,4.16,4.16,4.23,,,1177.0,2025-10-03,BGCR,1177.0,4.16,-0.9999999999999787,,
2025-10-03,SOFR,,,,,,4.18,4.12,4.16,4.25,4.27,,,3018.0,2025-10-03,SOFR,3018.0,4.18,-2.000000000000046,,
2025-10-03,SOFRAI,4.2932,4.34404,4.36743,1.21441522,,,,,,,,,,2025-10-03,SOFRAI,,,,,
2025-10-02,BGCR,,,,,,4.17,4.1,4.17,4.17,4.24,,,1167.0,2025-10-02,BGCR,1167.0,4.17,0.9999999999999787,,
2025-10-02,SOFRAI,4.29956,4.34571,4.36828,1.21427356,,,,,,,,,,2025-10-02,SOFRAI,,,,,
2025-10-02,SOFR,,,,,,4.2,4.14,4.17,4.26,4.28,,,3022.0,2025-10-02,SOFR,3022.0,4.2,0.0,,
2025-10-02,TGCR,,,,,,4.17,4.1,4.17,4.17,4.21,,,1137.0,2025-10-02,TGCR,1137.0,4.17,0.9999999999999787,,
2025-10-02,OBFR,,,,,,4.09,4.0,4.08,4.1,4.15,,,187.0,2025-10-02,OBFR,187.0,4.09,0.0,,
2025-10-02,EFFR,,,,,,4.09,4.08,4.09,4.1,4.15,4.0,4.25,102.0,2025-10-02,EFFR,102.0,4.09,0.0,,-3.500000000000014
2025-10-01,EFFR,,,,,,4.09,4.08,4.09,4.1,4.15,4.0,4.25,103.0,2025-10-01,EFFR,103.0,4.09,,,-3.500000000000014
2025-10-01,OBFR,,,,,,4.09,4.02,4.08,4.1,4.15,,,180.0,2025-10-01,OBFR,180.0,4.09,,,
2025-10-01,TGCR,,,,,,4.16,4.1,4.16,4.16,4.25,,,1119.0,2025-10-01,TGCR,1119.0,4.16,,,
2025-10-01,BGCR,,,,,,4.16,4.1,4.16,4.17,4.25,,,1154.0,2025-10-01,BGCR,1154.0,4.16,,,
2025-10-01,SOFR,,,,,,4.2,4.13,4.16,4.25,4.29,,,3075.0,2025-10-01,SOFR,3075.0,4.2,,,
2025-10-01,SOFRAI,4.30424,4.34738,4.36913,1.21413191,,,,,,,,,,2025-10-01,SOFRAI,,,,,
