effectiveDate,type,average30day,average90day,average180day,index,revisionIndicator,percentRate,percentPercentile1,percentPercentile25,percentPercentile75,percentPercentile99,targetRateFrom,targetRateTo,volumeInBillions,effective_date,rate_type,volume_billions,rate_pct,daily_change_bp,volatility_10d_bp,distance_from_target_bp
2026-10-09,SOFRAI,3.81569,3.70963,3.68823,1.26208139,,,,,,,,,,2026-10-09,SOFRAI,,,,,
2026-10-08,BGCR,,,,,,3.85,3.8,3.84,3.86,3.91,,,1228.0,2026-10-08,BGCR,1228.0,3.85,-0.9999999999999787,1.6633299933164771,
2026-10-08,SOFRAI,3.808,3.70603,3.68676,1.26194573,,,,,,,,,,2026-10-08,SOFRAI,,,,,
2026-10-08,SOFR,,,,,,3.87,3.83,3.85,3.91,3.95,,,2963.0,2026-10-08,SOFR,2963.0,3.87,-0.9999999999999787,1.2516655570366262,
2026-10-08,EFFR,,,,,,3.88,3.85,3.87,3.88,3.89,3.75,4.0,117.0,2026-10-08,EFFR,117.0,3.87,0.0,0.5163977794943131,-0.49999999999998934
2026-10-08,TGCR,,,,,,3.85,3.8,3.84,3.86,3.89,,,1189.0,2026-10-08,TGCR,1189.0,3.85,-0.9999999999999787,1.6633299933164771,
2026-10-08,OBFR,,,,,,3.88,3.8,3.87,3.88,3.95,,,241.0,2026-10-08,OBFR,241.0,3.88,0.0,0.0,
2026-10-07,EFFR,,,,,,3.88,3.85,3.87,3.88,3.89,3.75,4.0,108.0,2026-10-07,EFFR,108.0,3.87,0.0,0.5270462766947209,-0.49999999999998934
2026-10-07,OBFR,,,,,,3.88,3.8,3.87,3.88,3.94,,,220.0,2026-10-07,OBFR,220.0,3.88,0.0,0.0,
2026-10-07,TGCR,,,,,,3.86,3.8,3.86,3.87,3.91,,,1181.0,2026-10-07,TGCR,1181.0,3.86,-2.0000000000000018,1.5634719199409883,
2026-10-07,BGCR,,,,,,3.86,3.8,3.86,3.87,3.92,,,1229.0,2026-10-07,BGCR,1229.0,3.86,-2.0000000000000018,1.5634719199409883,
2026-10-07,SOFR,,,,,,3.88,3.81,3.86,3.92,3.96,,,2968.0,2026-10-07,SOFR,2968.0,3.88,-2.0000000000000018,1.135292424397364,
2026-10-07,SOFRAI,3.80031,3.70211,3.68523,1.26180973,,,,,,,,,,2026-10-07,SOFRAI,,,,,
2026-10-06,SOFR,,,,,,3.9,3.84,3.88,3.95,3.98,,,2997.0,2026-10-06,SOFR,2997.0,3.9,0.9999999999999787,1.2516655570366262,
2026-10-06,SOFRAI,3.79194,3.69852,3.68336,1.26167305,,,,,,,,,,2026-10-06,SOFRAI,,,,,
2026-10-06,BGCR,,,,,,3.88,3.8,3.88,3.89,3.93,,,1219.0,2026-10-06,BGCR,1219.0,3.88,0.9999999999999787,1.6633299933164771,
2026-10-06,TGCR,,,,,,3.88,3.8,3.88,3.89,3.9,,,1180.0,2026-10-06,TGCR,1180.0,3.88,0.9999999999999787,1.6633299933164771,
2026-10-06,OBFR,,,,,,3.88,3.8,3.87,3.88,3.93,,,225.0,2026-10-06,OBFR,225.0,3.88,0.0,0.0,
2026-10-06,EFFR,,,,,,3.88,3.85,3.87,3.88,3.9,3.75,4.0,120.0,2026-10-06,EFFR,120.0,3.87,0.0,0.5163977794943131,-0.49999999999998934
2026-10-05,EFFR,,,,,,3.88,3.85,3.87,3.88,3.9,3.75,4.0,121.0,2026-10-05,EFFR,121.0,3.87,0.0,0.48304589153964256,-0.49999999999998934
2026-10-05,OBFR,,,,,,3.88,3.8,3.87,3.88,3.94,,,243.0,2026-10-05,OBFR,243.0,3.88,0.0,0.0,
2026-10-05,TGCR,,,,,,3.87,3.81,3.87,3.88,3.89,,,1168.0,2026-10-05,TGCR,1168.0,3.87,1.000000000000023,1.7126976771552234,
2026-10-05,BGCR,,,,,,3.87,3.82,3.87,3.88,3.93,,,1209.0,2026-10-05,BGCR,1209.0,3.87,1.000000000000023,1.7126976771552234,
2026-10-05,SOFR,,,,,,3.89,3.84,3.87,3.94,3.97,,,3007.0,2026-10-05,SOFR,3007.0,3.89,1.000000000000023,1.2649110640693704,
2026-10-05,SOFRAI,3.78389,3.69549,3.68166,1.26153674,,,,,,,,,,2026-10-05,SOFRAI,,,,,
2026-10-02,SOFR,,,,,,3.88,3.83,3.86,3.93,3.96,,,3013.0,2026-10-02,SOFR,3013.0,3.88,0.9999999999999787,1.632993161857,
2026-10-02,SOFRAI,3.76116,3.68732,3.67765,1.26112897,,,,,,,,,,2026-10-02,SOFRAI,,,,,
2026-10-02,BGCR,,,,,,3.86,3.8,3.86,3.87,3.93,,,1211.0,2026-10-02,BGCR,1211.0,3.86,2.0000000000000018,2.043961295567357,
2026-10-02,EFFR,,,,,,3.88,3.85,3.87,3.88,3.89,3.75,4.0,118.0,2026-10-02,EFFR,118.0,3.87,0.0,0.42163702135578124,-0.49999999999998934
2026-10-02,TGCR,,,,,,3.86,3.8,3.86,3.87,3.9,,,1174.0,2026-10-02,TGCR,1174.0,3.86,2.0000000000000018,2.043961295567357,
2026-10-02,OBFR,,,,,,3.88,3.75,3.87,3.88,3.95,,,243.0,2026-10-02,OBFR,243.0,3.88,0.0,0.0,
2026-10-01,EFFR,,,,,,3.88,3.85,3.87,3.88,3.89,3.75,4.0,120.0,2026-10-01,EFFR,120.0,3.87,-0.9999999999999787,0.3162277660168327,-0.49999999999998934
2026-10-01,OBFR,,,,,,3.88,3.8,3.87,3.88,3.95,,,256.0,2026-10-01,OBFR,256.0,3.88,0.0,0.0,
2026-10-01,TGCR,,,,,,3.84,3.79,3.84,3.85,3.91,,,1178.0,2026-10-01,TGCR,1178.0,3.84,-4.0000000000000036,2.282785822435112,
2026-10-01,BGCR,,,,,,3.84,3.8,3.84,3.85,3.93,,,1221.0,2026-10-01,BGCR,1221.0,3.84,-4.0000000000000036,2.282785822435112,
2026-10-01,SOFR,,,,,,3.87,3.83,3.84,3.92,3.97,,,3067.0,2026-10-01,SOFR,3067.0,3.87,-2.9999999999999805,1.8885620632300326,
2026-10-01,SOFRAI,3.75414,3.68473,3.67646,1.26099341,,,,,,,,,,2026-10-01,SOFRAI,,,,,
2026-09-30,SOFRAI,3.74678,3.6818,3.6751,1.26085682,,,,,,,,,,2026-09-30,SOFRAI,,,,,
2026-09-30,SOFR,,,,,,3.9,3.83,3.88,3.96,3.99,,,3230.0,2026-09-30,SOFR,3230.0,3.9,2.0000000000000018,2.068278940999677,
2026-09-30,BGCR,,,,,,3.88,3.8,3.88,3.89,3.95,,,1210.0,2026-09-30,BGCR,1210.0,3.88,0.9999999999999787,2.394437999475655,
2026-09-30,OBFR,,,,,,3.88,3.78,3.88,3.88,3.95,,,162.0,2026-09-30,OBFR,162.0,3.88,0.0,0.0,
2026-09-30,EFFR,,,,,,3.88,3.86,3.88,3.89,3.92,3.75,4.0,83.0,2026-09-30,EFFR,83.0,3.88,0.0,0.0,0.49999999999998934
2026-09-30,TGCR,,,,,,3.88,3.8,3.88,3.89,3.91,,,1154.0,2026-09-30,TGCR,1154.0,3.88,0.9999999999999787,2.394437999475655,
2026-09-29,EFFR,,,,,,3.88,3.86,3.88,3.89,3.9,3.75,4.0,111.0,2026-09-29,EFFR,111.0,3.88,0.0,7.905694150421004,0.49999999999998934
2026-09-29,OBFR,,,,,,3.88,3.8,3.87,3.88,3.94,,,228.0,2026-09-29,OBFR,228.0,3.88,0.0,7.905694150421065,
2026-09-29,TGCR,,,,,,3.87,3.76,3.86,3.87,3.91,,,1161.0,2026-09-29,TGCR,1161.0,3.87,-2.0000000000000018,8.393118874676109,
2026-09-29,BGCR,,,,,,3.87,3.75,3.86,3.88,3.93,,,1205.0,2026-09-29,BGCR,1205.0,3.87,-2.0000000000000018,8.393118874676109,
2026-09-29,SOFR,,,,,,3.88,3.81,3.86,3.93,3.97,,,2967.0,2026-09-29,SOFR,2967.0,3.88,-2.0000000000000018,8.192815280611825,
2026-09-29,SOFRAI,3.73909,3.67933,3.67385,1.26072094,,,,,,,,,,2026-09-29,SOFRAI,,,,,
2026-09-28,SOFRAI,3.73072,3.67687,3.67244,1.26058438,,,,,,,,,,2026-09-28,SOFRAI,,,,,
2026-09-28,BGCR,,,,,,3.89,3.79,3.89,3.9,3.93,,,1220.0,2026-09-28,BGCR,1220.0,3.89,0.0,10.52246274510974,
2026-09-28,SOFR,,,,,,3.9,3.83,3.89,3.95,3.98,,,2964.0,2026-09-28,SOFR,2964.0,3.9,0.0,10.34998658077517,
2026-09-28,EFFR,,,,,,3.88,3.85,3.88,3.89,3.9,3.75,4.0,110.0,2026-09-28,EFFR,110.0,3.88,0.0,10.754327294422287,0.49999999999998934
2026-09-28,TGCR,,,,,,3.89,3.79,3.89,3.89,3.91,,,1172.0,2026-09-28,TGCR,1172.0,3.89,0.0,10.52246274510974,
2026-09-28,OBFR,,,,,,3.88,3.78,3.87,3.88,3.93,,,218.0,2026-09-28,OBFR,218.0,3.88,0.0,10.540925533894667,
2026-09-25,EFFR,,,,,,3.88,3.85,3.88,3.89,3.9,3.75,4.0,112.0,2026-09-25,EFFR,112.0,3.88,0.0,12.401164819842105,0.49999999999998934
2026-09-25,OBFR,,,,,,3.88,3.8,3.87,3.88,3.93,,,225.0,2026-09-25,OBFR,225.0,3.88,0.0,12.076147288491244,
2026-09-25,TGCR,,,,,,3.89,3.8,3.89,3.9,3.91,,,1191.0,2026-09-25,TGCR,1191.0,3.89,3.000000000000025,11.834037537731778,
2026-09-25,BGCR,,,,,,3.89,3.8,3.89,3.9,3.94,,,1231.0,2026-09-25,BGCR,1231.0,3.89,3.000000000000025,11.834037537731778,
2026-09-25,SOFR,,,,,,3.9,3.83,3.89,3.95,3.99,,,2914.0,2026-09-25,SOFR,2914.0,3.9,2.0000000000000018,11.73077623651199,
2026-09-25,SOFRAI,3.705,3.66746,3.66814,1.26017482,,,,,,,,,,2026-09-25,SOFRAI,,,,,
2026-09-24,SOFR,,,,,,3.88,3.81,3.86,3.92,3.96,,,2990.0,2026-09-24,SOFR,2990.0,3.88,0.9999999999999787,12.275087689209412,
2026-09-24,SOFRAI,3.69764,3.66454,3.66673,1.26003902,,,,,,,,,,2026-09-24,SOFRAI,,,,,
2026-09-24,BGCR,,,,,,3.86,3.8,3.86,3.87,3.91,,,1253.0,2026-09-24,BGCR,1253.0,3.86,0.9999999999999787,12.275087689209323,
2026-09-24,TGCR,,,,,,3.86,3.8,3.86,3.87,3.89,,,1213.0,2026-09-24,TGCR,1213.0,3.86,0.9999999999999787,12.275087689209323,
2026-09-24,OBFR,,,,,,3.88,3.78,3.87,3.88,3.94,,,245.0,2026-09-24,OBFR,245.0,3.88,0.0,12.909944487358088,
2026-09-24,EFFR,,,,,,3.88,3.85,3.88,3.89,3.94,3.75,4.0,105.0,2026-09-24,EFFR,105.0,3.88,0.0,13.300375934536603,0.49999999999998934
2026-09-23,EFFR,,,,,,3.88,3.86,3.88,3.89,3.93,3.75,4.0,101.0,2026-09-23,EFFR,101.0,3.88,0.0,13.601062050034521,0.49999999999998934
2026-09-23,OBFR,,,,,,3.88,3.8,3.87,3.88,3.93,,,248.0,2026-09-23,OBFR,248.0,3.88,0.0,13.17615691736827,
2026-09-23,TGCR,,,,,,3.85,3.79,3.85,3.86,3.89,,,1188.0,2026-09-23,TGCR,1188.0,3.85,0.0,12.368867728652026,
2026-09-23,BGCR,,,,,,3.85,3.79,3.85,3.86,3.9,,,1227.0,2026-09-23,BGCR,1227.0,3.85,0.0,12.368867728652026,
2026-09-23,SOFR,,,,,,3.87,3.81,3.85,3.92,3.95,,,2946.0,2026-09-23,SOFR,2946.0,3.87,0.0,12.368867728652088,
2026-09-23,SOFRAI,3.69029,3.66196,3.66537,1.25990358,,,,,,,,,,2026-09-23,SOFRAI,,,,,
2026-09-22,BGCR,,,,,,3.85,3.79,3.85,3.86,3.91,,,1232.0,2026-09-22,BGCR,1232.0,3.85,2.0000000000000018,11.830281296552341,
2026-09-22,SOFRAI,3.68293,3.65916,3.66412,1.25976815,,,,,,,,,,2026-09-22,SOFRAI,,,,,
2026-09-22,SOFR,,,,,,3.87,3.8,3.85,3.92,3.95,,,2940.0,2026-09-22,SOFR,2940.0,3.87,2.0000000000000018,11.830281296552386,
2026-09-22,EFFR,,,,,,3.88,3.85,3.88,3.89,3.94,3.75,4.0,103.0,2026-09-22,EFFR,103.0,3.88,0.0,13.343745934165405,0.49999999999998934
2026-09-22,TGCR,,,,,,3.85,3.79,3.85,3.86,3.88,,,1193.0,2026-09-22,TGCR,1193.0,3.85,2.0000000000000018,11.830281296552341,
2026-09-22,OBFR,,,,,,3.88,3.8,3.87,3.88,3.93,,,248.0,2026-09-22,OBFR,248.0,3.88,0.0,12.909944487358072,
2026-09-21,EFFR,,,,,,3.88,3.85,3.88,3.89,3.9,3.75,4.0,95.0,2026-09-21,EFFR,95.0,3.88,0.0,12.493998559308386,0.49999999999998934
2026-09-21,OBFR,,,,,,3.88,3.8,3.87,3.88,3.93,,,236.0,2026-09-21,OBFR,236.0,3.88,0.0,12.076147288491208,
2026-09-21,TGCR,,,,,,3.83,3.78,3.83,3.84,3.88,,,1199.0,2026-09-21,TGCR,1199.0,3.83,0.0,10.679159351018457,
2026-09-21,BGCR,,,,,,3.83,3.78,3.83,3.84,3.91,,,1221.0,2026-09-21,BGCR,1221.0,3.83,0.0,10.679159351018457,
2026-09-21,SOFR,,,,,,3.85,3.8,3.83,3.91,3.93,,,2912.0,2026-09-21,SOFR,2912.0,3.85,0.0,10.731573354670218,
2026-09-21,SOFRAI,3.67623,3.65658,3.66293,1.25963344,,,,,,,,,,2026-09-21,SOFRAI,,,,,
2026-09-18,EFFR,,,,,,3.88,3.85,3.88,3.89,3.9,3.75,4.0,96.0,2026-09-18,EFFR,96.0,3.88,0.0,10.914312723310719,0.49999999999998934
2026-09-18,OBFR,,,,,,3.88,3.75,3.87,3.88,3.93,,,248.0,2026-09-18,OBFR,248.0,3.88,0.0,10.540925533894601,
2026-09-18,TGCR,,,,,,3.83,3.78,3.83,3.84,3.88,,,1209.0,2026-09-18,TGCR,1209.0,3.83,0.0,9.226170506890847,
2026-09-18,BGCR,,,,,,3.83,3.78,3.83,3.84,3.9,,,1238.0,2026-09-18,BGCR,1238.0,3.83,0.0,9.226170506890847,
2026-09-18,SOFR,,,,,,3.85,3.8,3.83,3.9,3.93,,,2955.0,2026-09-18,SOFR,2955.0,3.85,0.0,9.288583195395217,
2026-09-18,SOFRAI,3.65452,3.64874,3.65909,1.25922944,,,,,,,,,,2026-09-18,SOFRAI,,,,,
2026-09-17,BGCR,,,,,,3.83,3.63,3.83,3.84,3.89,,,1237.0,2026-09-17,BGCR,1237.0,3.83,23.0,6.941021378570869,
2026-09-17,SOFRAI,3.64783,3.64615,3.65779,1.25909479,,,,,,,,,,2026-09-17,SOFRAI,,,,,
2026-09-17,SOFR,,,,,,3.85,3.7,3.83,3.9,3.93,,,2992.0,2026-09-17,SOFR,2992.0,3.85,23.0,6.9633963616104095,
2026-09-17,TGCR,,,,,,3.83,3.63,3.83,3.84,3.87,,,1208.0,2026-09-17,TGCR,1208.0,3.83,23.0,6.941021378570869,
2026-09-17,OBFR,,,,,,3.88,3.78,3.87,3.88,3.92,,,266.0,2026-09-17,OBFR,266.0,3.88,25.0,7.90569415042095,
2026-09-17,EFFR,,,,,,3.88,3.85,3.88,3.88,3.89,3.75,4.0,100.0,2026-09-17,EFFR,100.0,3.88,25.0,8.19281528061156,0.49999999999998934
2026-09-16,BGCR,,,,,,3.6,3.53,3.6,3.61,3.66,,,1223.0,2026-09-16,BGCR,1223.0,3.6,-2.0000000000000018,1.6865480854230845,
2026-09-16,SOFRAI,3.64917,3.64614,3.65779,1.25896819,,,,,,,,,,2026-09-16,SOFRAI,,,,,
2026-09-16,SOFR,,,,,,3.62,3.58,3.6,3.67,3.7,,,2931.0,2026-09-16,SOFR,2931.0,3.62,-2.0000000000000018,1.5055453054181103,
2026-09-16,EFFR,,,,,,3.63,3.6,3.63,3.64,3.65,3.5,3.75,90.0,2026-09-16,EFFR,90.0,3.63,0.9999999999999787,0.3162277660168327,0.49999999999998934
2026-09-16,TGCR,,,,,,3.6,3.53,3.6,3.6,3.65,,,1191.0,2026-09-16,TGCR,1191.0,3.6,-2.0000000000000018,1.6865480854230845,
2026-09-16,OBFR,,,,,,3.63,3.53,3.62,3.63,3.7,,,227.0,2026-09-16,OBFR,227.0,3.63,0.0,0.0,
2026-09-15,EFFR,,,,,,3.63,3.6,3.62,3.63,3.64,3.5,3.75,100.0,2026-09-15,EFFR,100.0,3.62,0.0,0.0,-0.49999999999998934
2026-09-15,OBFR,,,,,,3.63,3.55,3.62,3.63,3.7,,,238.0,2026-09-15,OBFR,238.0,3.63,0.0,0.0,
2026-09-15,TGCR,,,,,,3.62,3.53,3.62,3.63,3.65,,,1177.0,2026-09-15,TGCR,1177.0,3.62,2.0000000000000018,1.5951314818673474,
2026-09-15,BGCR,,,,,,3.62,3.53,3.62,3.63,3.67,,,1208.0,2026-09-15,BGCR,1208.0,3.62,2.0000000000000018,1.5951314818673474,
2026-09-15,SOFR,,,,,,3.64,3.57,3.62,3.69,3.72,,,2952.0,2026-09-15,SOFR,2952.0,3.64,2.0000000000000018,1.563471919941116,
2026-09-15,SOFRAI,3.6485,3.64603,3.65767,1.25884091,,,,,,,,,,2026-09-15,SOFRAI,,,,,
2026-09-14,SOFR,,,,,,3.62,3.57,3.6,3.67,3.7,,,2861.0,2026-09-14,SOFR,2861.0,3.62,0.0,2.011080417199779,
2026-09-14,SOFRAI,3.64849,3.64614,3.65767,1.25871434,,,,,,,,,,2026-09-14,SOFRAI,,,,,
2026-09-14,BGCR,,,,,,3.6,3.53,3.6,3.61,3.66,,,1183.0,2026-09-14,BGCR,1183.0,3.6,0.0,2.221110833194352,
2026-09-14,TGCR,,,,,,3.6,3.53,3.6,3.6,3.63,,,1155.0,2026-09-14,TGCR,1155.0,3.6,0.0,2.221110833194352,
2026-09-14,OBFR,,,,,,3.63,3.53,3.62,3.63,3.7,,,226.0,2026-09-14,OBFR,226.0,3.63,0.0,0.0,
2026-09-14,EFFR,,,,,,3.63,3.6,3.62,3.63,3.64,3.5,3.75,91.0,2026-09-14,EFFR,91.0,3.62,0.0,0.0,-0.49999999999998934
2026-09-11,EFFR,,,,,,3.63,3.6,3.62,3.63,3.64,3.5,3.75,105.0,2026-09-11,EFFR,105.0,3.62,0.0,0.0,-0.49999999999998934
2026-09-11,OBFR,,,,,,3.63,3.55,3.62,3.63,3.68,,,235.0,2026-09-11,OBFR,235.0,3.63,0.0,0.0,
2026-09-11,TGCR,,,,,,3.6,3.53,3.6,3.61,3.63,,,1158.0,2026-09-11,TGCR,1158.0,3.6,0.0,2.024845673131671,
2026-09-11,BGCR,,,,,,3.6,3.53,3.6,3.61,3.66,,,1187.0,2026-09-11,BGCR,1187.0,3.6,0.0,2.024845673131671,
2026-09-11,SOFR,,,,,,3.62,3.57,3.6,3.67,3.69,,,2867.0,2026-09-11,SOFR,2867.0,3.62,0.0,1.8287822299127052,
2026-09-11,SOFRAI,3.6485,3.64761,3.65847,1.25833474,,,,,,,,,,2026-09-11,SOFRAI,,,,,
2026-09-10,BGCR,,,,,,3.6,3.54,3.6,3.61,3.65,,,1195.0,2026-09-10,BGCR,1195.0,3.6,-2.0000000000000018,1.791957340762107,
2026-09-10,SOFRAI,3.64917,3.64793,3.65864,1.25820822,,,,,,,,,,2026-09-10,SOFRAI,,,,,
2026-09-10,SOFR,,,,,,3.62,3.58,3.6,3.67,3.7,,,2921.0,2026-09-10,SOFR,2921.0,3.62,-2.0000000000000018,1.595131481867411,
2026-09-10,EFFR,,,,,,3.63,3.6,3.62,3.63,3.64,3.5,3.75,108.0,2026-09-10,EFFR,108.0,3.62,0.0,0.0,-0.49999999999998934
2026-09-10,TGCR,,,,,,3.6,3.53,3.6,3.61,3.65,,,1174.0,2026-09-10,TGCR,1174.0,3.6,-2.0000000000000018,1.791957340762107,
2026-09-10,OBFR,,,,,,3.63,3.53,3.62,3.63,3.68,,,252.0,2026-09-10,OBFR,252.0,3.63,0.0,0.0,
2026-09-09,EFFR,,,,,,3.63,3.6,3.62,3.63,3.64,3.5,3.75,110.0,2026-09-09,EFFR,110.0,3.62,0.0,0.0,-0.49999999999998934
2026-09-09,OBFR,,,,,,3.63,3.55,3.62,3.63,3.68,,,232.0,2026-09-09,OBFR,232.0,3.63,0.0,0.0,
2026-09-09,TGCR,,,,,,3.62,3.54,3.62,3.63,3.65,,,1157.0,2026-09-09,TGCR,1157.0,3.62,-0.9999999999999787,1.4944341180973753,
2026-09-09,BGCR,,,,,,3.62,3.54,3.62,3.63,3.67,,,1201.0,2026-09-09,BGCR,1201.0,3.62,-0.9999999999999787,1.4944341180973753,
2026-09-09,SOFR,,,,,,3.64,3.59,3.62,3.68,3.72,,,2859.0,2026-09-09,SOFR,2859.0,3.64,0.0,1.286683937707965,
2026-09-09,SOFRAI,3.64883,3.64748,3.65869,1.25808101,,,,,,,,,,2026-09-09,SOFRAI,,,,,
2026-09-08,EFFR,,,,,,3.63,3.6,3.62,3.63,3.64,3.5,3.75,107.0,2026-09-08,EFFR,107.0,3.62,0.0,0.0,-0.49999999999998934
2026-09-08,OBFR,,,,,,3.63,3.55,3.62,3.63,3.68,,,225.0,2026-09-08,OBFR,225.0,3.63,0.0,0.0,
2026-09-08,TGCR,,,,,,3.63,3.54,3.63,3.63,3.66,,,1162.0,2026-09-08,TGCR,1162.0,3.63,-1.000000000000023,1.433720877840502,
2026-09-08,BGCR,,,,,,3.63,3.54,3.63,3.64,3.68,,,1185.0,2026-09-08,BGCR,1185.0,3.63,-1.000000000000023,1.433720877840502,
2026-09-08,SOFR,,,,,,3.64,3.58,3.63,3.69,3.73,,,2904.0,2026-09-08,SOFR,2904.0,3.64,-0.9999999999999787,1.2516655570346398,
2026-09-08,SOFRAI,3.64817,3.64692,3.65875,1.25795382,,,,,,,,,,2026-09-08,SOFRAI,,,,,
2026-09-04,SOFR,,,,,,3.65,3.6,3.64,3.7,3.73,,,2888.0,2026-09-04,SOFR,2888.0,3.65,-1.000000000000023,1.1737877907773497,
2026-09-04,SOFRAI,3.64586,3.64571,3.65865,1.25744386,,,,,,,,,,2026-09-04,SOFRAI,,,,,
2026-09-04,BGCR,,,,,,3.64,3.53,3.63,3.64,3.68,,,1197.0,2026-09-04,BGCR,1197.0,3.64,0.0,1.433720877840502,
2026-09-04,OBFR,,,,,,3.63,3.5,3.62,3.63,3.68,,,225.0,2026-09-04,OBFR,225.0,3.63,0.0,0.0,
2026-09-04,EFFR,,,,,,3.63,3.6,3.62,3.63,3.64,3.5,3.75,103.0,2026-09-04,EFFR,103.0,3.62,0.0,0.0,-0.49999999999998934
2026-09-04,TGCR,,,,,,3.64,3.53,3.63,3.64,3.67,,,1173.0,2026-09-04,TGCR,1173.0,3.64,0.0,1.433720877840502,
2026-09-03,EFFR,,,,,,3.63,3.6,3.62,3.63,3.64,3.5,3.75,109.0,2026-09-03,EFFR,109.0,3.62,0.0,0.0,-0.49999999999998934
2026-09-03,OBFR,,,,,,3.63,3.5,3.62,3.63,3.68,,,223.0,2026-09-03,OBFR,223.0,3.63,0.0,0.0,
2026-09-03,TGCR,,,,,,3.64,3.55,3.64,3.64,3.66,,,1181.0,2026-09-03,TGCR,1181.0,3.64,1.000000000000023,1.4298407059685403,
2026-09-03,BGCR,,,,,,3.64,3.55,3.64,3.64,3.69,,,1210.0,2026-09-03,BGCR,1210.0,3.64,1.000000000000023,1.4298407059685403,
2026-09-03,SOFR,,,,,,3.66,3.6,3.64,3.7,3.74,,,2949.0,2026-09-03,SOFR,2949.0,3.66,1.000000000000023,1.1737877907773497,
2026-09-03,SOFRAI,3.64586,3.64537,3.65859,1.25731603,,,,,,,,,,2026-09-03,SOFRAI,,,,,
2026-09-02,BGCR,,,,,,3.63,3.56,3.63,3.63,3.68,,,1173.0,2026-09-02,BGCR,1173.0,3.63,0.0,1.763834207376427,
2026-09-02,SOFRAI,3.64586,3.64503,3.65858,1.25718857,,,,,,,,,,2026-09-02,SOFRAI,,,,,
2026-09-02,SOFR,,,,,,3.65,3.6,3.63,3.7,3.73,,,2882.0,2026-09-02,SOFR,2882.0,3.65,-1.000000000000023,1.3703203194063418,
2026-09-02,TGCR,,,,,,3.63,3.56,3.63,3.63,3.67,,,1153.0,2026-09-02,TGCR,1153.0,3.63,0.0,1.763834207376427,
2026-09-02,OBFR,,,,,,3.63,3.55,3.62,3.63,3.69,,,216.0,2026-09-02,OBFR,216.0,3.63,0.0,0.0,
2026-09-02,EFFR,,,,,,3.63,3.6,3.62,3.63,3.65,3.5,3.75,114.0,2026-09-02,EFFR,114.0,3.62,0.0,0.0,-0.49999999999998934
2026-09-01,EFFR,,,,,,3.63,3.61,3.62,3.63,3.65,3.5,3.75,114.0,2026-09-01,EFFR,114.0,3.62,0.0,0.0,-0.49999999999998934
2026-09-01,OBFR,,,,,,3.63,3.55,3.62,3.63,3.68,,,203.0,2026-09-01,OBFR,203.0,3.63,0.0,0.0,
2026-09-01,TGCR,,,,,,3.63,3.57,3.63,3.64,3.69,,,1167.0,2026-09-01,TGCR,1167.0,3.63,-4.0000000000000036,2.002775851439992,
2026-09-01,BGCR,,,,,,3.63,3.57,3.63,3.64,3.7,,,1197.0,2026-09-01,BGCR,1197.0,3.63,-4.0000000000000036,2.002775851439992,
2026-09-01,SOFR,,,,,,3.66,3.61,3.63,3.71,3.74,,,2912.0,2026-09-01,SOFR,2912.0,3.66,-2.0000000000000018,1.6865480854231463,
2026-09-01,SOFRAI,3.64586,3.64447,3.65858,1.25706076,,,,,,,,,,2026-09-01,SOFRAI,,,,,
2026-08-31,SOFRAI,3.64518,3.64391,3.65853,1.25693228,,,,,,,,,,2026-08-31,SOFRAI,,,,,
2026-08-31,SOFR,,,,,,3.68,3.6,3.67,3.74,3.77,,,3056.0,2026-08-31,SOFR,3056.0,3.68,3.000000000000025,1.6363916944844785,
2026-08-31,BGCR,,,,,,3.67,3.58,3.66,3.67,3.72,,,1207.0,2026-08-31,BGCR,1207.0,3.67,4.0000000000000036,2.002775851439992,
2026-08-31,TGCR,,,,,,3.67,3.58,3.66,3.67,3.69,,,1181.0,2026-08-31,TGCR,1181.0,3.67,4.0000000000000036,2.002775851439992,
2026-08-31,OBFR,,,,,,3.63,3.53,3.62,3.63,3.69,,,189.0,2026-08-31,OBFR,189.0,3.63,0.0,0.0,
2026-08-31,EFFR,,,,,,3.63,3.6,3.62,3.63,3.65,3.5,3.75,105.0,2026-08-31,EFFR,105.0,3.62,0.0,0.0,-0.49999999999998934
2026-08-28,EFFR,,,,,,3.63,3.6,3.62,3.63,3.65,3.5,3.75,123.0,2026-08-28,EFFR,123.0,3.62,0.0,0.0,-0.49999999999998934
2026-08-28,OBFR,,,,,,3.63,3.53,3.62,3.63,3.69,,,232.0,2026-08-28,OBFR,232.0,3.63,0.0,0.0,
2026-08-28,TGCR,,,,,,3.63,3.55,3.63,3.63,3.65,,,1162.0,2026-08-28,TGCR,1162.0,3.63,0.9999999999999787,1.4298407059684948,
2026-08-28,BGCR,,,,,,3.63,3.55,3.63,3.63,3.69,,,1188.0,2026-08-28,BGCR,1188.0,3.63,0.9999999999999787,1.4298407059684948,
2026-08-28,SOFR,,,,,,3.65,3.59,3.63,3.7,3.73,,,2808.0,2026-08-28,SOFR,2808.0,3.65,0.9999999999999787,1.2692955176439562,
2026-08-28,SOFRAI,3.64553,3.64347,3.65933,1.25655008,,,,,,,,,,2026-08-28,SOFRAI,,,,,
2026-08-27,SOFRAI,3.64586,3.64335,3.65955,1.25642304,,,,,,,,,,2026-08-27,SOFRAI,,,,,
2026-08-27,SOFR,,,,,,3.64,3.59,3.62,3.7,3.72,,,2836.0,2026-08-27,SOFR,2836.0,3.64,0.0,1.4757295747451875,
2026-08-27,BGCR,,,,,,3.62,3.57,3.62,3.63,3.69,,,1198.0,2026-08-27,BGCR,1198.0,3.62,0.0,1.5951314818673858,
2026-08-27,TGCR,,,,,,3.62,3.57,3.62,3.62,3.65,,,1176.0,2026-08-27,TGCR,1176.0,3.62,0.0,1.5951314818673858,
2026-08-27,OBFR,,,,,,3.63,3.5,3.62,3.63,3.69,,,220.0,2026-08-27,OBFR,220.0,3.63,0.0,0.0,
2026-08-27,EFFR,,,,,,3.63,3.6,3.62,3.63,3.66,3.5,3.75,111.0,2026-08-27,EFFR,111.0,3.62,0.0,0.0,-0.49999999999998934
2026-08-26,EFFR,,,,,,3.63,3.6,3.62,3.63,3.65,3.5,3.75,112.0,2026-08-26,EFFR,112.0,3.62,0.0,0.0,-0.49999999999998934
2026-08-26,OBFR,,,,,,3.63,3.55,3.62,3.63,3.69,,,216.0,2026-08-26,OBFR,216.0,3.63,0.0,0.0,
2026-08-26,TGCR,,,,,,3.62,3.57,3.62,3.62,3.67,,,1174.0,2026-08-26,TGCR,1174.0,3.62,-2.0000000000000018,1.7288403306519824,
2026-08-26,BGCR,,,,,,3.62,3.57,3.62,3.62,3.67,,,1203.0,2026-08-26,BGCR,1203.0,3.62,-2.0000000000000018,1.7288403306519824,
2026-08-26,SOFR,,,,,,3.64,3.6,3.62,3.7,3.72,,,2859.0,2026-08-26,SOFR,2859.0,3.64,-2.0000000000000018,1.6329931618553777,
2026-08-26,SOFRAI,3.64586,3.64313,3.65977,1.25629601,,,,,,,,,,2026-08-26,SOFRAI,,,,,
2026-08-25,SOFRAI,3.64519,3.64279,3.65983,1.2561683,,,,,,,,,,2026-08-25,SOFRAI,,,,,
2026-08-25,SOFR,,,,,,3.66,3.6,3.64,3.71,3.74,,,2916.0,2026-08-25,SOFR,2916.0,3.66,1.000000000000023,1.7511900715417372,
2026-08-25,BGCR,,,,,,3.64,3.55,3.63,3.64,3.69,,,1205.0,2026-08-25,BGCR,1205.0,3.64,1.000000000000023,1.8287822299126728,
2026-08-25,TGCR,,,,,,3.64,3.55,3.63,3.64,3.66,,,1182.0,2026-08-25,TGCR,1182.0,3.64,1.000000000000023,1.8287822299126728,
2026-08-25,OBFR,,,,,,3.63,3.55,3.62,3.63,3.7,,,220.0,2026-08-25,OBFR,220.0,3.63,0.0,0.0,
2026-08-25,EFFR,,,,,,3.63,3.6,3.62,3.63,3.69,3.5,3.75,109.0,2026-08-25,EFFR,109.0,3.62,0.0,0.0,-0.49999999999998934
2026-08-24,EFFR,,,,,,3.63,3.6,3.62,3.63,3.69,3.5,3.75,99.0,2026-08-24,EFFR,99.0,3.62,0.0,0.0,-0.49999999999998934
2026-08-24,SOFR,,,,,,3.65,3.59,3.63,3.71,3.73,,,2919.0,2026-08-24,SOFR,2919.0,3.65,0.0,1.5776212754931105,
2026-08-24,SOFRAI,3.64485,3.64256,3.65994,1.25604095,,,,,,,,,,2026-08-24,SOFRAI,,,,,
2026-08-24,OBFR,,,,,,3.63,3.55,3.62,3.63,3.7,,,223.0,2026-08-24,OBFR,223.0,3.63,0.0,0.0,
2026-08-24,BGCR,,,,,,3.63,3.55,3.63,3.64,3.69,,,1214.0,2026-08-24,BGCR,1214.0,3.63,0.0,1.7126976771553195,
2026-08-24,TGCR,,,,,,3.63,3.55,3.63,3.64,3.66,,,1180.0,2026-08-24,TGCR,1180.0,3.63,0.0,1.7126976771553195,
2026-08-21,EFFR,,,,,,3.63,3.6,3.62,3.63,3.69,3.5,3.75,96.0,2026-08-21,EFFR,96.0,3.62,0.0,0.0,-0.49999999999998934
2026-08-21,OBFR,,,,,,3.63,3.53,3.62,3.63,3.69,,,224.0,2026-08-21,OBFR,224.0,3.63,0.0,0.0,
2026-08-21,TGCR,,,,,,3.63,3.55,3.63,3.63,3.65,,,1172.0,2026-08-21,TGCR,1172.0,3.63,2.9999999999999805,1.6465452046970892,
2026-08-21,BGCR,,,,,,3.63,3.55,3.63,3.63,3.69,,,1198.0,2026-08-21,BGCR,1198.0,3.63,2.9999999999999805,1.6465452046970892,
2026-08-21,SOFR,,,,,,3.65,3.59,3.63,3.7,3.73,,,2952.0,2026-08-21,SOFR,2952.0,3.65,2.0000000000000018,1.5055453054180206,
2026-08-21,SOFRAI,3.64319,3.6392,3.66017,1.25565902,,,,,,,,,,2026-08-21,SOFRAI,,,,,
2026-08-20,EFFR,,,,,,3.63,3.6,3.62,3.63,3.69,3.5,3.75,102.0,2026-08-20,EFFR,102.0,3.62,0.0,0.0,-0.49999999999998934
2026-08-20,OBFR,,,,,,3.63,3.53,3.62,3.63,3.68,,,229.0,2026-08-20,OBFR,229.0,3.63,0.0,0.0,
2026-08-20,TGCR,,,,,,3.6,3.55,3.6,3.61,3.66,,,1192.0,2026-08-20,TGCR,1192.0,3.6,0.0,1.5951314818673328,
2026-08-20,BGCR,,,,,,3.6,3.55,3.6,3.61,3.69,,,1220.0,2026-08-20,BGCR,1220.0,3.6,0.0,1.5951314818673328,
2026-08-20,SOFR,,,,,,3.63,3.58,3.6,3.68,3.71,,,2922.0,2026-08-20,SOFR,2922.0,3.63,0.9999999999999787,1.4491376746187739,
2026-08-20,SOFRAI,3.64252,3.63829,3.66034,1.25553243,,,,,,,,,,2026-08-20,SOFRAI,,,,,
2026-08-19,BGCR,,,,,,3.6,3.55,3.6,3.6,3.66,,,1228.0,2026-08-19,BGCR,1228.0,3.6,-2.9999999999999805,1.6465452046970892,
2026-08-19,SOFRAI,3.64085,3.63706,3.66056,1.25540619,,,,,,,,,,2026-08-19,SOFRAI,,,,,
2026-08-19,SOFR,,,,,,3.62,3.58,3.6,3.67,3.7,,,2923.0,2026-08-19,SOFR,2923.0,3.62,-2.9999999999999805,1.56702123647228,
2026-08-19,TGCR,,,,,,3.6,3.54,3.6,3.6,3.66,,,1202.0,2026-08-19,TGCR,1202.0,3.6,-2.9999999999999805,1.6465452046970892,
2026-08-19,OBFR,,,,,,3.63,3.55,3.62,3.63,3.69,,,216.0,2026-08-19,OBFR,216.0,3.63,0.0,0.0,
2026-08-19,EFFR,,,,,,3.63,3.6,3.62,3.63,3.69,3.5,3.75,95.0,2026-08-19,EFFR,95.0,3.62,0.0,0.0,-0.49999999999998934
2026-08-18,BGCR,,,,,,3.63,3.55,3.62,3.63,3.68,,,1234.0,2026-08-18,BGCR,1234.0,3.63,-1.000000000000023,1.636391694484447,
2026-08-18,SOFRAI,3.63884,3.63538,3.66068,1.25527892,,,,,,,,,,2026-08-18,SOFRAI,,,,,
2026-08-18,SOFR,,,,,,3.65,3.6,3.63,3.7,3.72,,,3010.0,2026-08-18,SOFR,3010.0,3.65,-1.000000000000023,1.509230856356112,
2026-08-18,EFFR,,,,,,3.63,3.6,3.62,3.63,3.69,3.5,3.75,89.0,2026-08-18,EFFR,89.0,3.62,0.0,0.0,-0.49999999999998934
2026-08-18,TGCR,,,,,,3.63,3.55,3.62,3.63,3.67,,,1203.0,2026-08-18,TGCR,1203.0,3.63,-1.000000000000023,1.636391694484447,
2026-08-18,OBFR,,,,,,3.63,3.55,3.62,3.63,3.69,,,214.0,2026-08-18,OBFR,214.0,3.63,0.0,0.0,
2026-08-17,EFFR,,,,,,3.63,3.6,3.62,3.63,3.65,3.5,3.75,93.0,2026-08-17,EFFR,93.0,3.62,0.0,0.0,-0.49999999999998934
2026-08-17,OBFR,,,,,,3.63,3.55,3.62,3.63,3.68,,,215.0,2026-08-17,OBFR,215.0,3.63,0.0,0.0,
2026-08-17,BGCR,,,,,,3.64,3.57,3.64,3.64,3.69,,,1251.0,2026-08-17,BGCR,1251.0,3.64,4.0000000000000036,1.7511900715418047,
2026-08-17,SOFR,,,,,,3.66,3.6,3.64,3.71,3.74,,,3068.0,2026-08-17,SOFR,3068.0,3.66,4.0000000000000036,1.6465452046970308,
2026-08-17,SOFRAI,3.63649,3.6337,3.66107,1.25515131,,,,,,,,,,2026-08-17,SOFRAI,,,,,
2026-08-17,TGCR,,,,,,3.64,3.57,3.64,3.64,3.66,,,1218.0,2026-08-17,TGCR,1218.0,3.64,4.0000000000000036,1.7511900715418047,
2026-08-14,EFFR,,,,,,3.63,3.6,3.62,3.63,3.65,3.5,3.75,99.0,2026-08-14,EFFR,99.0,3.62,0.0,0.0,-0.49999999999998934
2026-08-14,OBFR,,,,,,3.63,3.5,3.62,3.63,3.68,,,225.0,2026-08-14,OBFR,225.0,3.63,0.0,0.0,
2026-08-14,TGCR,,,,,,3.6,3.56,3.6,3.6,3.65,,,1206.0,2026-08-14,TGCR,1206.0,3.6,0.0,1.636391694484447,
2026-08-14,BGCR,,,,,,3.6,3.56,3.6,3.61,3.68,,,1240.0,2026-08-14,BGCR,1240.0,3.6,0.0,1.636391694484447,
2026-08-14,SOFR,,,,,,3.62,3.59,3.6,3.68,3.7,,,2957.0,2026-08-14,SOFR,2957.0,3.62,0.0,1.509230856356112,
2026-08-14,SOFRAI,3.63617,3.63113,3.66204,1.25477279,,,,,,,,,,2026-08-14,SOFRAI,,,,,
2026-08-13,TGCR,,,,,,3.6,3.55,3.6,3.6,3.64,,,1207.0,2026-08-13,TGCR,1207.0,3.6,0.0,1.6633299933166052,
2026-08-13,SOFRAI,3.6365,3.63033,3.66226,1.25464662,,,,,,,,,,2026-08-13,SOFRAI,,,,,
2026-08-13,SOFR,,,,,,3.62,3.59,3.6,3.67,3.7,,,2932.0,2026-08-13,SOFR,2932.0,3.62,0.0,1.595131481867316,
2026-08-13,BGCR,,,,,,3.6,3.55,3.6,3.6,3.66,,,1232.0,2026-08-13,BGCR,1232.0,3.6,0.0,1.6633299933166052,
2026-08-13,EFFR,,,,,,3.63,3.6,3.62,3.63,3.65,3.5,3.75,106.0,2026-08-13,EFFR,106.0,3.62,0.0,0.0,-0.49999999999998934
2026-08-13,OBFR,,,,,,3.63,3.53,3.62,3.63,3.68,,,236.0,2026-08-13,OBFR,236.0,3.63,0.0,0.0,
2026-08-12,EFFR,,,,,,3.63,3.6,3.62,3.63,3.65,3.5,3.75,106.0,2026-08-12,EFFR,106.0,3.62,0.0,0.0,-0.49999999999998934
2026-08-12,OBFR,,,,,,3.63,3.55,3.62,3.63,3.68,,,237.0,2026-08-12,OBFR,237.0,3.63,0.0,0.0,
2026-08-12,TGCR,,,,,,3.6,3.55,3.6,3.61,3.65,,,1205.0,2026-08-12,TGCR,1205.0,3.6,-2.9999999999999805,1.5055453054181596,
2026-08-12,BGCR,,,,,,3.6,3.55,3.6,3.61,3.66,,,1228.0,2026-08-12,BGCR,1228.0,3.6,-2.9999999999999805,1.5055453054181596,
2026-08-12,SOFR,,,,,,3.62,3.58,3.6,3.67,3.71,,,2943.0,2026-08-12,SOFR,2943.0,3.62,-2.0000000000000018,1.4757295747452004,
2026-08-12,SOFRAI,3.63583,3.62966,3.66248,1.25452047,,,,,,,,,,2026-08-12,SOFRAI,,,,,
2026-08-11,BGCR,,,,,,3.63,3.55,3.63,3.63,3.68,,,1237.0,2026-08-11,BGCR,1237.0,3.63,2.0000000000000018,1.3165611772087966,
2026-08-11,SOFRAI,3.63283,3.6291,3.66254,1.25439364,,,,,,,,,,2026-08-11,SOFRAI,,,,,
2026-08-11,SOFR,,,,,,3.64,3.58,3.63,3.7,3.73,,,2961.0,2026-08-11,SOFR,2961.0,3.64,1.000000000000023,1.2692955176439709,
2026-08-11,TGCR,,,,,,3.63,3.55,3.63,3.63,3.65,,,1209.0,2026-08-11,TGCR,1209.0,3.63,2.0000000000000018,1.3165611772087966,
2026-08-11,OBFR,,,,,,3.63,3.55,3.62,3.63,3.69,,,224.0,2026-08-11,OBFR,224.0,3.63,0.0,0.0,
2026-08-11,EFFR,,,,,,3.63,3.6,3.62,3.63,3.65,3.5,3.75,109.0,2026-08-11,EFFR,109.0,3.62,0.0,0.0,-0.49999999999998934
2026-08-10,EFFR,,,,,,3.63,3.6,3.62,3.63,3.65,3.5,3.75,108.0,2026-08-10,EFFR,108.0,3.62,0.0,0.0,-0.49999999999998934
2026-08-10,OBFR,,,,,,3.63,3.55,3.62,3.63,3.68,,,238.0,2026-08-10,OBFR,238.0,3.63,0.0,0.0,
2026-08-10,TGCR,,,,,,3.61,3.55,3.61,3.61,3.64,,,1212.0,2026-08-10,TGCR,1212.0,3.61,0.9999999999999787,1.3703203194063347,
2026-08-10,BGCR,,,,,,3.61,3.55,3.61,3.61,3.67,,,1233.0,2026-08-10,BGCR,1233.0,3.61,0.9999999999999787,1.3703203194063347,
2026-08-10,SOFR,,,,,,3.63,3.58,3.61,3.68,3.71,,,2964.0,2026-08-10,SOFR,2964.0,3.63,0.9999999999999787,1.2649110640673482,
2026-08-10,SOFRAI,3.63014,3.62876,3.66265,1.25426717,,,,,,,,,,2026-08-10,SOFRAI,,,,,
2026-08-07,SOFRAI,3.62347,3.6281,3.663,1.25388891,,,,,,,,,,2026-08-07,SOFRAI,,,,,
2026-08-07,SOFR,,,,,,3.62,3.59,3.6,3.68,3.71,,,2977.0,2026-08-07,SOFR,2977.0,3.62,-2.9999999999999805,1.1595018087284088,
2026-08-07,BGCR,,,,,,3.6,3.55,3.6,3.61,3.66,,,1239.0,2026-08-07,BGCR,1239.0,3.6,-2.9999999999999805,1.2472191289246934,
2026-08-07,TGCR,,,,,,3.6,3.55,3.6,3.6,3.66,,,1213.0,2026-08-07,TGCR,1213.0,3.6,-2.9999999999999805,1.2472191289246934,
2026-08-07,OBFR,,,,,,3.63,3.5,3.62,3.63,3.68,,,252.0,2026-08-07,OBFR,252.0,3.63,0.0,0.0,
2026-08-07,EFFR,,,,,,3.63,3.6,3.62,3.63,3.65,3.5,3.75,117.0,2026-08-07,EFFR,117.0,3.62,0.0,0.0,-0.49999999999998934
2026-08-06,EFFR,,,,,,3.63,3.6,3.62,3.63,3.65,3.5,3.75,113.0,2026-08-06,EFFR,113.0,3.62,0.0,0.0,-0.49999999999998934
2026-08-06,OBFR,,,,,,3.63,3.53,3.62,3.63,3.68,,,239.0,2026-08-06,OBFR,239.0,3.63,0.0,0.0,
2026-08-06,TGCR,,,,,,3.63,3.58,3.63,3.63,3.65,,,1208.0,2026-08-06,TGCR,1208.0,3.63,0.0,0.7888106377467067,
2026-08-06,BGCR,,,,,,3.63,3.58,3.63,3.63,3.68,,,1230.0,2026-08-06,BGCR,1230.0,3.63,0.0,0.7888106377467067,
2026-08-06,SOFR,,,,,,3.65,3.61,3.63,3.7,3.73,,,3055.0,2026-08-06,SOFR,3055.0,3.65,0.9999999999999787,0.7378647873726483,
2026-08-06,SOFRAI,3.62246,3.62753,3.66294,1.2537618,,,,,,,,,,2026-08-06,SOFRAI,,,,,
2026-08-05,SOFRAI,3.62213,3.62708,3.66293,1.25363504,,,,,,,,,,2026-08-05,SOFRAI,,,,,
2026-08-05,SOFR,,,,,,3.64,3.6,3.63,3.7,3.73,,,2989.0,2026-08-05,SOFR,2989.0,3.64,-2.0000000000000018,0.7888106377466348,
2026-08-05,BGCR,,,,,,3.63,3.55,3.63,3.63,3.68,,,1233.0,2026-08-05,BGCR,1233.0,3.63,-1.000000000000023,0.8755950357709911,
2026-08-05,TGCR,,,,,,3.63,3.55,3.63,3.63,3.67,,,1206.0,2026-08-05,TGCR,1206.0,3.63,-1.000000000000023,0.8755950357709911,
2026-08-05,OBFR,,,,,,3.63,3.55,3.62,3.63,3.68,,,233.0,2026-08-05,OBFR,233.0,3.63,0.0,0.0,
2026-08-05,EFFR,,,,,,3.63,3.6,3.62,3.63,3.65,3.5,3.75,114.0,2026-08-05,EFFR,114.0,3.62,0.0,0.0,-0.49999999999998934
2026-08-04,EFFR,,,,,,3.63,3.6,3.62,3.63,3.68,3.5,3.75,117.0,2026-08-04,EFFR,117.0,3.62,0.0,0.0,-0.49999999999998934
2026-08-04,OBFR,,,,,,3.63,3.55,3.62,3.63,3.69,,,231.0,2026-08-04,OBFR,231.0,3.63,0.0,0.0,
2026-08-04,TGCR,,,,,,3.64,3.55,3.64,3.64,3.67,,,1214.0,2026-08-04,TGCR,1214.0,3.64,1.000000000000023,1.3165611772088077,
2026-08-04,BGCR,,,,,,3.64,3.55,3.64,3.64,3.7,,,1244.0,2026-08-04,BGCR,1244.0,3.64,1.000000000000023,1.3165611772088077,
2026-08-04,SOFR,,,,,,3.66,3.6,3.64,3.71,3.74,,,3036.0,2026-08-04,SOFR,3036.0,3.66,1.000000000000023,1.1737877907772765,
2026-08-04,SOFRAI,3.62146,3.62652,3.66288,1.2535076,,,,,,,,,,2026-08-04,SOFRAI,,,,,
2026-08-03,SOFRAI,3.62111,3.62619,3.66288,1.25338052,,,,,,,,,,2026-08-03,SOFRAI,,,,,
2026-08-03,SOFR,,,,,,3.65,3.61,3.63,3.7,3.73,,,3055.0,2026-08-03,SOFR,3055.0,3.65,-1.000000000000023,1.5238839267550015,
2026-08-03,BGCR,,,,,,3.63,3.55,3.63,3.63,3.69,,,1247.0,2026-08-03,BGCR,1247.0,3.63,-1.000000000000023,1.9321835661586115,
2026-08-03,TGCR,,,,,,3.63,3.55,3.63,3.63,3.67,,,1222.0,2026-08-03,TGCR,1222.0,3.63,-1.000000000000023,1.9321835661586115,
2026-08-03,OBFR,,,,,,3.63,3.55,3.62,3.63,3.69,,,222.0,2026-08-03,OBFR,222.0,3.63,0.0,0.0,
2026-08-03,EFFR,,,,,,3.63,3.6,3.62,3.63,3.68,3.5,3.75,111.0,2026-08-03,EFFR,111.0,3.62,0.0,0.0,-0.49999999999998934
2026-07-31,EFFR,,,,,,3.63,3.6,3.62,3.64,3.69,3.5,3.75,108.0,2026-07-31,EFFR,108.0,3.62,0.0,0.0,-0.49999999999998934
2026-07-31,SOFR,,,,,,3.66,3.6,3.64,3.72,3.75,,,3205.0,2026-07-31,SOFR,3205.0,3.66,1.000000000000023,2.66874918683309,
2026-07-31,SOFRAI,3.61975,3.62541,3.66334,1.25299836,,,,,,,,,,2026-07-31,SOFRAI,,,,,
2026-07-31,OBFR,,,,,,3.63,3.5,3.62,3.63,3.7,,,222.0,2026-07-31,OBFR,222.0,3.63,0.0,0.31622776601684816,
2026-07-31,BGCR,,,,,,3.64,3.55,3.64,3.65,3.71,,,1261.0,2026-07-31,BGCR,1261.0,3.64,1.000000000000023,3.1989581637360294,
2026-07-31,TGCR,,,,,,3.64,3.55,3.64,3.65,3.67,,,1223.0,2026-07-31,TGCR,1223.0,3.64,1.000000000000023,3.1989581637360294,
2026-07-30,EFFR,,,,,,3.63,3.6,3.62,3.63,3.68,3.5,3.75,121.0,2026-07-30,EFFR,121.0,3.62,0.0,0.0,-0.49999999999998934
2026-07-30,OBFR,,,,,,3.63,3.55,3.62,3.63,3.7,,,233.0,2026-07-30,OBFR,233.0,3.63,0.0,0.4216370213557817,
2026-07-30,TGCR,,,,,,3.63,3.58,3.63,3.64,3.66,,,1204.0,2026-07-30,TGCR,1204.0,3.63,-1.000000000000023,3.4399612400917197,
2026-07-30,BGCR,,,,,,3.63,3.58,3.63,3.64,3.69,,,1237.0,2026-07-30,BGCR,1237.0,3.63,-1.000000000000023,3.4399612400917197,
2026-07-30,SOFRAI,3.62076,3.62529,3.6635,1.25287133,,,,,,,,,,2026-07-30,SOFRAI,,,,,
2026-07-30,SOFR,,,,,,3.65,3.6,3.63,3.7,3.73,,,3011.0,2026-07-30,SOFR,3011.0,3.65,0.0,2.796823595120413,
2026-07-29,EFFR,,,,,,3.63,3.6,3.62,3.63,3.69,3.5,3.75,101.0,2026-07-29,EFFR,101.0,3.62,0.0,0.0,-0.49999999999998934
2026-07-29,OBFR,,,,,,3.63,3.55,3.62,3.63,3.7,,,224.0,2026-07-29,OBFR,224.0,3.63,0.0,0.4830458915396372,
2026-07-29,TGCR,,,,,,3.64,3.56,3.64,3.64,3.66,,,1226.0,2026-07-29,TGCR,1226.0,3.64,0.0,3.3482997343593883,
2026-07-29,BGCR,,,,,,3.64,3.56,3.64,3.64,3.69,,,1263.0,2026-07-29,BGCR,1263.0,3.64,0.0,3.3482997343593883,
2026-07-29,SOFR,,,,,,3.65,3.6,3.64,3.7,3.74,,,3032.0,2026-07-29,SOFR,3032.0,3.65,0.0,2.668749186833087,
2026-07-29,SOFRAI,3.61975,3.6254,3.66367,1.25274431,,,,,,,,,,2026-07-29,SOFRAI,,,,,
2026-07-28,TGCR,,,,,,3.64,3.56,3.64,3.65,3.66,,,1202.0,2026-07-28,TGCR,1202.0,3.64,2.0000000000000018,3.1428932176861823,
2026-07-28,SOFRAI,3.61875,3.62518,3.66367,1.25261731,,,,,,,,,,2026-07-28,SOFRAI,,,,,
2026-07-28,SOFR,,,,,,3.65,3.6,3.64,3.71,3.74,,,2977.0,2026-07-28,SOFR,2977.0,3.65,0.9999999999999787,2.5733678754158458,
2026-07-28,BGCR,,,,,,3.64,3.56,3.64,3.65,3.71,,,1234.0,2026-07-28,BGCR,1234.0,3.64,2.0000000000000018,3.1428932176861823,
2026-07-28,OBFR,,,,,,3.63,3.55,3.62,3.63,3.7,,,230.0,2026-07-28,OBFR,230.0,3.63,0.0,0.4830458915396372,
2026-07-28,EFFR,,,,,,3.63,3.6,3.62,3.63,3.68,3.5,3.75,106.0,2026-07-28,EFFR,106.0,3.62,0.0,0.0,-0.49999999999998934
2026-07-27,EFFR,,,,,,3.63,3.6,3.62,3.63,3.69,3.5,3.75,104.0,2026-07-27,EFFR,104.0,3.62,0.0,0.0,-0.49999999999998934
2026-07-27,OBFR,,,,,,3.63,3.55,3.62,3.63,3.69,,,234.0,2026-07-27,OBFR,234.0,3.63,0.0,0.4830458915396372,
2026-07-27,TGCR,,,,,,3.62,3.55,3.62,3.62,3.65,,,1201.0,2026-07-27,TGCR,1201.0,3.62,0.0,2.907843798341924,
2026-07-27,BGCR,,,,,,3.62,3.55,3.62,3.62,3.67,,,1231.0,2026-07-27,BGCR,1231.0,3.62,0.0,2.907843798341924,
2026-07-27,SOFR,,,,,,3.64,3.59,3.62,3.68,3.72,,,2953.0,2026-07-27,SOFR,2953.0,3.64,0.0,2.4037008503093342,
2026-07-27,SOFRAI,3.61807,3.62518,3.66367,1.25249067,,,,,,,,,,2026-07-27,SOFRAI,,,,,
2026-07-24,SOFRAI,3.61674,3.62586,3.66396,1.25211087,,,,,,,,,,2026-07-24,SOFRAI,,,,,
2026-07-24,SOFR,,,,,,3.64,3.59,3.62,3.69,3.72,,,2979.0,2026-07-24,SOFR,2979.0,3.64,0.0,2.3664319132398552,
2026-07-24,BGCR,,,,,,3.62,3.55,3.62,3.62,3.67,,,1240.0,2026-07-24,BGCR,1240.0,3.62,0.0,2.8303906287138423,
2026-07-24,TGCR,,,,,,3.62,3.55,3.62,3.62,3.65,,,1208.0,2026-07-24,TGCR,1208.0,3.62,0.0,2.8303906287138423,
2026-07-24,OBFR,,,,,,3.63,3.53,3.62,3.63,3.68,,,242.0,2026-07-24,OBFR,242.0,3.63,0.0,0.516397779494308,
2026-07-24,EFFR,,,,,,3.63,3.6,3.62,3.63,3.68,3.5,3.75,106.0,2026-07-24,EFFR,106.0,3.62,0.0,0.0,-0.49999999999998934
2026-07-23,EFFR,,,,,,3.63,3.6,3.62,3.63,3.67,3.5,3.75,104.0,2026-07-23,EFFR,104.0,3.62,0.0,,-0.49999999999998934
2026-07-23,OBFR,,,,,,3.63,3.53,3.62,3.63,3.68,,,256.0,2026-07-23,OBFR,256.0,3.63,0.0,,
2026-07-23,TGCR,,,,,,3.62,3.55,3.62,3.62,3.65,,,1206.0,2026-07-23,TGCR,1206.0,3.62,2.0000000000000018,,
2026-07-23,BGCR,,,,,,3.62,3.55,3.62,3.62,3.67,,,1243.0,2026-07-23,BGCR,1243.0,3.62,2.0000000000000018,,
2026-07-23,SOFR,,,,,,3.64,3.58,3.62,3.7,3.72,,,2971.0,2026-07-23,SOFR,2971.0,3.64,2.0000000000000018,,
2026-07-23,SOFRAI,3.61608,3.62607,3.66401,1.25198428,,,,,,,,,,2026-07-23,SOFRAI,,,,,
2026-07-22,SOFRAI,3.61574,3.62641,3.66418,1.25185839,,,,,,,,,,2026-07-22,SOFRAI,,,,,
2026-07-22,SOFR,,,,,,3.62,3.56,3.6,3.67,3.7,,,3026.0,2026-07-22,SOFR,3026.0,3.62,1.000000000000023,,
2026-07-22,BGCR,,,,,,3.6,3.55,3.6,3.6,3.66,,,1258.0,2026-07-22,BGCR,1258.0,3.6,2.0000000000000018,,
2026-07-22,TGCR,,,,,,3.6,3.55,3.6,3.6,3.63,,,1219.0,2026-07-22,TGCR,1219.0,3.6,2.0000000000000018,,
2026-07-22,OBFR,,,,,,3.63,3.55,3.62,3.63,3.68,,,249.0,2026-07-22,OBFR,249.0,3.63,0.0,,
2026-07-22,EFFR,,,,,,3.63,3.6,3.62,3.63,3.66,3.5,3.75,102.0,2026-07-22,EFFR,102.0,3.62,0.0,,-0.49999999999998934
2026-07-21,EFFR,,,,,,3.63,3.6,3.62,3.63,3.66,3.5,3.75,106.0,2026-07-21,EFFR,106.0,3.62,0.0,,-0.49999999999998934
2026-07-21,TGCR,,,,,,3.58,3.52,3.58,3.59,3.63,,,1218.0,2026-07-21,TGCR,1218.0,3.58,4.0000000000000036,,
2026-07-21,BGCR,,,,,,3.58,3.52,3.58,3.59,3.66,,,1248.0,2026-07-21,BGCR,1248.0,3.58,4.0000000000000036,,
2026-07-21,SOFR,,,,,,3.61,3.56,3.58,3.66,3.69,,,2975.0,2026-07-21,SOFR,2975.0,3.61,4.0000000000000036,,
2026-07-21,SOFRAI,3.61608,3.62675,3.66435,1.25173287,,,,,,,,,,2026-07-21,SOFRAI,,,,,
2026-07-21,OBFR,,,,,,3.63,3.55,3.62,3.63,3.68,,,250.0,2026-07-21,OBFR,250.0,3.63,0.9999999999999787,,
2026-07-20,TGCR,,,,,,3.54,3.5,3.54,3.55,3.61,,,1243.0,2026-07-20,TGCR,1243.0,3.54,-2.0000000000000018,,
2026-07-20,SOFRAI,3.61773,3.62742,3.66469,1.25160876,,,,,,,,,,2026-07-20,SOFRAI,,,,,
2026-07-20,SOFR,,,,,,3.57,3.54,3.54,3.62,3.66,,,3012.0,2026-07-20,SOFR,3012.0,3.57,-2.0000000000000018,,
2026-07-20,OBFR,,,,,,3.62,3.55,3.62,3.63,3.68,,,252.0,2026-07-20,OBFR,252.0,3.62,0.0,,
2026-07-20,EFFR,,,,,,3.63,3.6,3.62,3.63,3.68,3.5,3.75,106.0,2026-07-20,EFFR,106.0,3.62,0.0,,-0.49999999999998934
2026-07-20,BGCR,,,,,,3.54,3.5,3.54,3.55,3.63,,,1265.0,2026-07-20,BGCR,1265.0,3.54,-2.0000000000000018,,
2026-07-17,EFFR,,,,,,3.63,3.6,3.62,3.63,3.68,3.5,3.75,111.0,2026-07-17,EFFR,111.0,3.62,0.0,,-0.49999999999998934
2026-07-17,OBFR,,,,,,3.62,3.5,3.62,3.63,3.69,,,258.0,2026-07-17,OBFR,258.0,3.62,0.0,,
2026-07-17,TGCR,,,,,,3.56,3.53,3.56,3.56,3.63,,,1248.0,2026-07-17,TGCR,1248.0,3.56,-2.9999999999999805,,
2026-07-17,BGCR,,,,,,3.56,3.53,3.56,3.57,3.63,,,1272.0,2026-07-17,BGCR,1272.0,3.56,-2.9999999999999805,,
2026-07-17,SOFR,,,,,,3.59,3.55,3.56,3.64,3.67,,,3030.0,2026-07-17,SOFR,3030.0,3.59,-3.000000000000025,,
2026-07-17,SOFRAI,3.62105,3.62922,3.66565,1.25123443,,,,,,,,,,2026-07-17,SOFRAI,,,,,
2026-07-16,BGCR,,,,,,3.59,3.55,3.59,3.6,3.66,,,1281.0,2026-07-16,BGCR,1281.0,3.59,-3.000000000000025,,
2026-07-16,SOFRAI,3.62139,3.62955,3.66582,1.25110862,,,,,,,,,,2026-07-16,SOFRAI,,,,,
2026-07-16,SOFR,,,,,,3.62,3.58,3.59,3.67,3.7,,,3038.0,2026-07-16,SOFR,3038.0,3.62,-2.0000000000000018,,
2026-07-16,TGCR,,,,,,3.59,3.55,3.59,3.6,3.65,,,1255.0,2026-07-16,TGCR,1255.0,3.59,-3.000000000000025,,
2026-07-16,OBFR,,,,,,3.62,3.53,3.62,3.63,3.68,,,245.0,2026-07-16,OBFR,245.0,3.62,-0.9999999999999787,,
2026-07-16,EFFR,,,,,,3.63,3.6,3.62,3.63,3.65,3.5,3.75,113.0,2026-07-16,EFFR,113.0,3.62,0.0,,-0.49999999999998934
2026-07-15,EFFR,,,,,,3.63,3.6,3.62,3.63,3.65,3.5,3.75,109.0,2026-07-15,EFFR,109.0,3.62,0.0,,-0.49999999999998934
2026-07-15,OBFR,,,,,,3.63,3.55,3.62,3.63,3.68,,,250.0,2026-07-15,OBFR,250.0,3.63,0.0,,
2026-07-15,TGCR,,,,,,3.62,3.54,3.62,3.63,3.64,,,1276.0,2026-07-15,TGCR,1276.0,3.62,0.0,,
2026-07-15,BGCR,,,,,,3.62,3.54,3.62,3.63,3.68,,,1306.0,2026-07-15,BGCR,1306.0,3.62,0.0,,
2026-07-15,SOFR,,,,,,3.64,3.58,3.62,3.7,3.73,,,3104.0,2026-07-15,SOFR,3104.0,3.64,1.000000000000023,,
2026-07-15,SOFRAI,3.62306,3.62989,3.66587,1.25098213,,,,,,,,,,2026-07-15,SOFRAI,,,,,
2026-07-14,BGCR,,,,,,3.62,3.53,3.62,3.62,3.68,,,1316.0,2026-07-14,BGCR,1316.0,3.62,4.0000000000000036,,
2026-07-14,SOFRAI,3.62373,3.63089,3.66604,1.25085601,,,,,,,,,,2026-07-14,SOFRAI,,,,,
2026-07-14,SOFR,,,,,,3.63,3.55,3.62,3.69,3.72,,,3092.0,2026-07-14,SOFR,3092.0,3.63,2.9999999999999805,,
2026-07-14,TGCR,,,,,,3.62,3.54,3.62,3.62,3.64,,,1273.0,2026-07-14,TGCR,1273.0,3.62,4.0000000000000036,,
2026-07-14,OBFR,,,,,,3.63,3.55,3.62,3.63,3.69,,,245.0,2026-07-14,OBFR,245.0,3.63,0.9999999999999787,,
2026-07-14,EFFR,,,,,,3.63,3.6,3.62,3.63,3.65,3.5,3.75,111.0,2026-07-14,EFFR,111.0,3.62,0.0,,-0.49999999999998934
2026-07-13,EFFR,,,,,,3.62,3.6,3.62,3.63,3.64,3.5,3.75,112.0,2026-07-13,EFFR,112.0,3.62,,,-0.49999999999998934
2026-07-13,OBFR,,,,,,3.62,3.55,3.62,3.63,3.68,,,267.0,2026-07-13,OBFR,267.0,3.62,,,
2026-07-13,TGCR,,,,,,3.58,3.5,3.58,3.58,3.62,,,1277.0,2026-07-13,TGCR,1277.0,3.58,,,
2026-07-13,BGCR,,,,,,3.58,3.5,3.58,3.58,3.66,,,1313.0,2026-07-13,BGCR,1313.0,3.58,,,
2026-07-13,SOFR,,,,,,3.6,3.55,3.58,3.65,3.69,,,3096.0,2026-07-13,SOFR,3096.0,3.6,,,
2026-07-13,SOFRAI,3.62539,3.63157,3.66626,1.25073093,,,,,,,,,,2026-07-13,SOFRAI,,,,,
