Symbol,Daily Return (%),Close,Date
&CC_CCB,5.370749,5670.0,2026-10-02
TSLA,4.6539245,370.59,2026-10-02
$BVSP,2.6266885,192114.55,2026-10-02
$TDX,2.5742042,4081.92,2026-10-02
GME,2.4471178,24.7,2026-10-02
&NG_CCB,2.29188,3.035,2026-10-02
USDZWL,2.04424,25.9623,2026-10-02
GOOG,1.6182528,340.35,2026-10-02
NVDA,1.3384719,233.95,2026-10-02
AMZN,1.3253872,251.52,2026-10-02
KRWUSD,1.210675,0.00074486,2026-10-02
$DAX,1.1702374,25231.2,2026-10-02
$MXX,1.1015095,64531.68,2026-10-02
$OMNX40,1.0828583,2596.93,2026-10-02
$STOXX50,1.020975,6238.5,2026-10-02
AAPL,1.0202214,333.69,2026-10-02
$NDX,1.0044377,30807.93,2026-10-02
%FVX,0.99899524,5.055,2026-10-02
MSFT,0.922395,517.53,2026-10-02
$OOI,0.8817001,5860.42,2026-10-02
$CAC,0.7897567,7897.19,2026-10-02
%TNX,0.7637953,5.277,2026-10-02
$E3X,0.75208706,2522.54,2026-10-02
$SPX,0.7339775,7722.72,2026-10-02
MXNUSD,0.7127205,0.05511,2026-10-02
ILSUSD,0.7072553,0.3275,2026-10-02
&ES_CCB,0.6894096,7777.25,2026-10-02
MXNEUR,0.59572506,0.04897,2026-10-02
$W1DOW,0.56953716,852.89,2026-10-02
AUDCAD,0.54750097,0.9917,2026-10-02
GBPCAD,0.51151127,1.8864,2026-10-02
$FTSEMIB,0.48837984,50483.21,2026-10-02
%TYX,0.48188382,5.63,2026-10-02
$ZADOW,0.4716192,2803.58,2026-10-02
CHFCAD,0.46720883,1.7203,2026-10-02
USDCLP,0.42520398,989.6,2026-10-02
$IBEX,0.42093518,19085.3,2026-10-02
$KO,0.4137756,1109.05,2026-10-02
USDTRY,0.41304502,49.107,2026-10-02
MXNGBP,0.38591707,0.04162,2026-10-02
JPYCAD,0.361165,0.009031,2026-10-02
AUDHKD,0.36055103,5.4557,2026-10-02
$XIN9,0.3562086,14047.1,2026-09-30
USDRUB,0.35448816,83.796,2026-10-02
AUDUSD,0.3463676,0.6953,2026-10-02
$SPXEW,0.3332775,8498.79,2026-10-02
GBPHKD,0.33219692,10.3897,2026-10-02
$FT100,0.32297462,10461.95,2026-10-02
GBPUSD,0.31820452,1.3241,2026-10-02
$SSEC,0.30649117,3842.19,2026-09-30
EURCAD,0.30029795,1.6032,2026-10-02
META,0.29617518,728.08,2026-10-02
GBPSEK,0.29416367,13.2971,2026-10-02
NZDUSD,0.28556612,0.5619,2026-10-02
$SMI,0.27945924,13660.92,2026-10-02
$W2DOW,0.2772814,408.66,2026-10-02
%IRX,0.27624103,3.993,2026-10-02
AUDSGD,0.27060333,0.8893,2026-10-02
GBPNOK,0.25912538,12.7294,2026-10-02
CHFUSD,0.25752097,1.2069,2026-10-02
TWDUSD,0.255104,0.03144,2026-10-02
ZARUSD,0.2502545,0.06009,2026-10-02
CHFNOK,0.24200414,11.598,2026-10-02
GBPSGD,0.23084055,1.6934,2026-10-02
GBPDKK,0.22106849,8.7948,2026-10-02
AUDEUR,0.21072738,0.6182,2026-10-02
USDCAD,0.19691876,1.4247,2026-10-02
HUFUSD,0.19678734,0.003055,2026-10-02
EURPLN,0.1921397,4.3802,2026-10-02
AUDJPY,0.19172746,109.74,2026-10-02
GBPEUR,0.18728249,1.1769,2026-10-02
TWDEUR,0.17927207,0.02794,2026-10-02
CZKUSD,0.17399003,0.04606,2026-10-02
&KC_CCB,0.17346054,288.75,2026-10-02
&HG_CCB,0.16825277,654.9,2026-10-02
GBPJPY,0.16295837,208.98,2026-10-02
NZDEUR,0.16031738,0.4998,2026-10-02
JPYUSD,0.15174861,0.0063359,2026-10-02
CHFEUR,0.14940958,1.0725,2026-10-02
CHFJPY,0.14726701,190.41,2026-10-02
DKKUSD,0.13298097,0.1506,2026-10-02
ZAREUR,0.13125484,0.0534,2026-10-02
NZDJPY,0.124196246,88.68,2026-10-02
EURHKD,0.12131932,8.8298,2026-10-02
HUFEUR,0.11062032,0.002715,2026-10-02
AUDZAR,0.107271954,11.5715,2026-10-02
EURINR,0.107145,108.378,2026-10-02
EURUSD,0.10675918,1.1253,2026-10-02
SGDUSD,0.08960535,0.7819,2026-10-02
AUDCHF,0.08685958,0.5761,2026-10-02
USDPLN,0.08484911,3.8925,2026-10-02
EURSEK,0.082365625,11.3007,2026-10-02
AUDNZD,0.08095578,1.2363,2026-10-02
EURMYR,0.08062981,4.5923,2026-10-02
GBPZAR,0.07947719,22.0363,2026-10-02
CZKEUR,0.07823829,0.040933,2026-10-02
CHFHUF,0.07603482,394.84,2026-10-02
GBPCHF,0.06384503,1.0971,2026-10-02
NOKUSD,0.05771405,0.10402,2026-10-02
BRLUSD,0.052165724,0.1918,2026-10-02
GBPNZD,0.050992724,2.3544,2026-10-02
EURNOK,0.047167327,10.8182,2026-10-02
JPYEUR,0.044424742,0.0056303,2026-10-02
EURSGD,0.034748662,1.4393,2026-10-02
CHFNZD,0.032654144,2.1451,2026-10-02
SEKUSD,0.030131629,0.09958,2026-10-02
AUDGBP,0.019028552,0.5254,2026-10-02
$TWMSCI,0.018862529,2174.86,2026-10-02
USDHKD,0.014021584,7.8466,2026-10-02
EURDKK,0.010706123,7.4744,2026-10-02
DKKEUR,0.0,0.1338,2026-10-02
MYRUSD,0.0,0.245,2026-10-02
CNYUSD,0.0,0.149154,2026-10-02
TRYUSD,0.0,0.0204,2026-10-02
USDCNY,0.0,6.7045,2026-10-02
INRUSD,0.0,0.01038,2026-10-02
JPYSGD,0.0,0.0081,2026-10-02
USDINR,0.0,96.31,2026-10-02
GBPAUD,-0.010502442,1.9033,2026-10-02
HKDUSD,-0.015689123,0.12744,2026-10-02
USDSEK,-0.02388743,10.0424,2026-10-02
USDMYR,-0.024496023,4.081,2026-10-02
SGDEUR,-0.02877318,0.6948,2026-10-02
NZDCHF,-0.03216501,0.46618,2026-10-02
SGDJPY,-0.03724413,123.457,2026-10-02
NOKEUR,-0.043246884,0.09244,2026-10-02
EURJPY,-0.04502326,177.61,2026-10-02
MYREUR,-0.04588655,0.2178,2026-10-02
USDBRL,-0.057508964,5.2132,2026-10-02
USDNOK,-0.05925703,9.6136,2026-10-02
CHFGBP,-0.065786645,0.9115,2026-10-02
NZDGBP,-0.07059293,0.4247,2026-10-02
$USDX,-0.07156321,101.932,2026-10-02
NZDAUD,-0.07411741,0.8089,2026-10-02
EURCZK,-0.07770911,24.43,2026-10-02
PLNUSD,-0.07778047,0.2569,2026-10-02
HUFCHF,-0.07889607,0.002533,2026-10-02
SEKEUR,-0.07904043,0.08849,2026-10-02
USDSGD,-0.085933134,1.2789,2026-10-02
CHFAUD,-0.08634148,1.7358,2026-10-02
ZARGBP,-0.08806351,0.04538,2026-10-02
USDDKK,-0.096263945,6.6421,2026-10-02
USDEUR,-0.10116576,0.8887,2026-10-02
INREUR,-0.10822089,0.00923,2026-10-02
ZARAUD,-0.11560029,0.0864,2026-10-02
EURHUF,-0.11932916,368.29,2026-10-02
HKDEUR,-0.12346452,0.11325,2026-10-02
EURZAR,-0.13171665,18.7278,2026-10-02
JPYNZD,-0.13284813,0.011276,2026-10-02
JPYCHF,-0.14829695,0.0052518,2026-10-02
EURCHF,-0.14992438,0.9324,2026-10-02
USDJPY,-0.15183493,157.83,2026-10-02
EURNZD,-0.15967537,2.0009,2026-10-02
JPYGBP,-0.1627371,0.0047851,2026-10-02
EURTWD,-0.17014508,35.789,2026-10-02
PLNEUR,-0.17489806,0.2283,2026-10-02
USDCZK,-0.18391225,21.71,2026-10-02
EURGBP,-0.18795103,0.8497,2026-10-02
JPYAUD,-0.19167298,0.0091124,2026-10-02
CADUSD,-0.19906071,0.7019,2026-10-02
BTCUSD,-0.20579,84442.62,2026-10-02
DKKGBP,-0.21939166,0.1137,2026-10-02
EURAUD,-0.22207151,1.6175,2026-10-02
USDHUF,-0.22559303,327.28,2026-10-02
$RTS,-0.2319513,860.25,2026-10-02
SGDGBP,-0.23652542,0.5905,2026-10-02
USDZAR,-0.23981363,16.64,2026-10-02
NOKCHF,-0.24296497,0.08622,2026-10-02
USDCHF,-0.25279775,0.8286,2026-10-02
NOKGBP,-0.25393084,0.07856,2026-10-02
SGDAUD,-0.26607722,1.1245,2026-10-02
USDTWD,-0.2759292,31.804,2026-10-02
&ZN_CCB,-0.28366676,104.359375,2026-10-02
USDNZD,-0.28574696,1.7797,2026-10-02
CADEUR,-0.2877239,0.6238,2026-10-02
XAGCAD,-0.2898551,86.0,2026-10-02
SEKGBP,-0.30491772,0.0752,2026-10-02
&KE_CCB,-0.30508474,735.25,2026-10-02
MSTR,-0.30529937,160.01,2026-10-02
$AUDTWI,-0.3095928,64.4,2026-10-02
USDGBP,-0.31678736,0.7552,2026-10-02
HKDGBP,-0.33136836,0.09625,2026-10-02
USDAUD,-0.346452,1.4382,2026-10-02
CADJPY,-0.35993335,110.73,2026-10-02
HKDAUD,-0.3804331,0.1833,2026-10-02
CLPUSD,-0.39409167,0.001011,2026-10-02
GBPMXN,-0.3955021,24.0258,2026-10-02
RUBUSD,-0.41736156,0.01193,2026-10-02
CADCHF,-0.46232384,0.5813,2026-10-02
CADGBP,-0.5067625,0.5301,2026-10-02
$SIMSCI,-0.5155676,524.86,2026-10-02
$SPCMC,-0.5424512,7625.43,2026-10-02
CADAUD,-0.54246753,1.0084,2026-10-02
XAGEUR,-0.5746087,53.64,2026-10-02
EURMXN,-0.60507524,20.4186,2026-10-02
XAGJPY,-0.6322446,9527.46,2026-10-02
$STI,-0.6361663,5633.88,2026-10-02
XAUCAD,-0.6523174,5901.61,2026-10-02
USDILS,-0.7088983,3.0534,2026-10-02
USDMXN,-0.7113497,18.145,2026-10-02
XAGCHF,-0.7342706,50.02,2026-10-02
XAGUSD,-0.7559558,60.39,2026-10-02
$SPCBDM,-0.7562396,4658.78,2026-10-02
XAGGBP,-0.7836239,45.58,2026-10-02
$SEN,-0.78722906,71909.7,2026-10-01
XAGAUD,-0.8116217,86.77,2026-10-02
XAUUSD,-0.84782094,4142.34,2026-10-02
$NIF,-0.87752455,22421.95,2026-10-01
&ZC_CCB,-0.8959682,497.75,2026-10-02
$N225,-0.93864363,68309.46,2026-10-02
XAUEUR,-0.9445907,3680.78,2026-10-02
&GC_CCB,-0.9518597,4162.3,2026-10-02
XAUJPY,-0.9982146,653787.0,2026-10-02
XAUCHF,-1.0984067,3432.35,2026-10-02
XAUGBP,-1.1469635,3127.72,2026-10-02
XAUAUD,-1.1754249,5954.22,2026-10-02
USDKRW,-1.1995914,1342.5,2026-10-02
&SI_CCB,-1.2423376,6041.5,2026-10-02
&PL_CCB,-1.3234298,1700.0,2026-10-02
ETHUSD,-1.3599817,2661.88,2026-10-02
$SPCBXM,-1.6118858,2111.96,2026-10-02
&CL_CCB,-1.8951244,91.11,2026-10-02
ZWLUSD,-2.004842,0.038517,2026-10-02
$XIN0,-2.3311925,15201.72,2026-10-02
$HS,-2.6042068,23972.29,2026-10-02
