Symbol,Streak (days),Daily Return (%),Close,Date
EURSGD,-9,-0.58042866,1.4388,2026-10-01
SGDEUR,9,0.5788724,0.695,2026-10-01
GBPMXN,8,0.6908612,24.1212,2026-10-01
MXNGBP,-8,-0.67082,0.04146,2026-10-01
DKKGBP,-5,-0.2887654,0.11395,2026-10-01
EURJPY,-5,-0.33652523,177.69,2026-10-01
EURINR,-5,-0.426758,108.262,2026-10-01
EURGBP,-5,-0.26944986,0.8513,2026-10-01
GBPDKK,5,0.28913984,8.7754,2026-10-01
JPYEUR,5,0.33875182,0.0056278,2026-10-01
GBPEUR,5,0.2731587,1.1747,2026-10-01
SEKUSD,-5,-0.41016206,0.09955,2026-10-01
USDSEK,5,0.41084346,10.0448,2026-10-01
