Symbol,Z-Score,Daily Return (%),Close,Date
JPYCHF,2.3698276207879725,1.0855844,0.0052704,2026-09-25
MSFT,2.031896244804713,3.6631637,516.17,2026-09-25
JPYSGD,1.885916884102807,0.869566,0.00812,2026-09-25
JPYUSD,1.8397337668874745,0.99904907,0.0063589,2026-09-25
JPYEUR,1.7636922323294792,0.8928029,0.0055825,2026-09-25
JPYCAD,1.7391547334617024,1.043544,0.0089952,2026-09-25
KRWUSD,1.7007383955321735,0.9221554,0.00073873,2026-09-25
JPYNZD,1.6903427830800108,1.0695645,0.011245,2026-09-25
JPYAUD,1.243814162009387,0.8150097,0.0090547,2026-09-25
JPYGBP,1.2186927072001832,0.7199258,0.0047987,2026-09-25
ZARAUD,1.0987899492859312,0.80644804,0.0875,2026-09-25
$MXX,1.095718690815585,1.1329337,64992.23,2026-09-25
MYRUSD,1.0758974137591268,0.3266634,0.2457,2026-09-25
ZAREUR,1.0609860567337857,0.86013246,0.05394,2026-09-25
ZARUSD,1.0584256683347704,0.9530034,0.06144,2026-09-25
TWDUSD,0.9799490863333968,0.31805968,0.03154,2026-09-25
$N225,0.9270725446194231,1.2977607,66364.2,2026-09-25
PLNEUR,0.8755919341027686,0.30661276,0.229,2026-09-25
AUDNZD,0.8339388745869495,0.2747671,1.2408,2026-09-25
ZARGBP,0.8334527042784988,0.6948941,0.04637,2026-09-25
&PL_CCB,0.8206004601153478,1.4611858,1777.6,2026-09-25
HUFCHF,0.8003149216163699,0.46601394,0.002587,2026-09-25
$OOI,0.7727649278976475,0.8321984,5894.6,2026-09-25
AAPL,0.7701445863466602,1.5331012,341.07,2026-09-25
GBPCHF,0.7547372803058215,0.35664672,1.0974,2026-09-25
CZKEUR,0.7114178134993205,0.2024624,0.041078,2026-09-25
GBPNZD,0.7004526283766693,0.36438888,2.3412,2026-09-25
INRUSD,0.6678090507452904,0.19194004,0.01044,2026-09-25
$KO,0.6666678257065102,1.1515266,1126.12,2026-09-23
&SI_CCB,0.66081896404525,1.2483969,6480.1,2026-09-25
GBPCAD,0.6588317111849323,0.32123578,1.8738,2026-09-25
RUBUSD,0.6586493873906304,0.9345826,0.01188,2026-09-25
HUFEUR,0.6448802177608675,0.29271233,0.002741,2026-09-25
$W2DOW,0.639380766134023,0.57183397,415.07,2026-09-25
EURCHF,0.6362652574457414,0.19116405,0.9434,2026-09-25
PLNUSD,0.6061753459177189,0.384918,0.2608,2026-09-25
GBPSEK,0.5913312643429739,0.30693057,13.1377,2026-09-25
HUFUSD,0.583856609806618,0.4181441,0.003122,2026-09-25
$STI,0.5826882366504478,0.5068737,5710.65,2026-09-25
&GC_CCB,0.5774345660383765,0.5397905,4321.2,2026-09-25
GBPHKD,0.546378145587909,0.29527166,10.3938,2026-09-25
USDILS,0.5414276358826035,0.276168,3.0501,2026-09-25
$IBEX,0.5406307277677671,0.64730304,19700.1,2026-09-25
CZKUSD,0.522617827261364,0.30010748,0.04679,2026-09-25
USDHKD,0.5164559049740223,0.022954097,7.8438,2026-09-25
XAGCHF,0.5003984183626324,1.0250587,53.22,2026-09-25
GBPUSD,0.4992932534694961,0.2724178,1.3251,2026-09-25
TWDEUR,0.4943125781817089,0.2171603,0.02769,2026-09-25
SGDUSD,0.4903319095292665,0.14068343,0.783,2026-09-25
AUDCHF,0.48243434246520334,0.2585779,0.5816,2026-09-25
XAGCAD,0.4773805507300886,0.98910797,90.87,2026-09-25
MYREUR,0.47621587678459976,0.232339,0.2157,2026-09-25
$W1DOW,0.46621025969168184,0.51120025,859.22,2026-09-25
&ES_CCB,0.46581988353769,0.47315565,7803.75,2026-09-25
$FTSEMIB,0.46176941160636575,0.6275879,51866.93,2026-09-25
$DAX,0.4580934015797487,0.5624489,25408.64,2026-09-25
$SIMSCI,0.45608020129311017,0.44348365,532.24,2026-09-25
GBPDKK,0.4462720900209799,0.1808685,8.6957,2026-09-25
EURDKK,0.43899424732125286,0.013378568,7.4751,2026-09-25
XAGEUR,0.4121087260049661,0.8582148,56.41,2026-09-25
GBPNOK,0.4096371304092925,0.24755451,12.5941,2026-09-25
$STOXX50,0.40080544421688985,0.48337704,6302.82,2026-09-25
XAGAUD,0.4002185900823165,0.8044114,91.48,2026-09-25
$SPX,0.39744261597853964,0.5098599,7743.41,2026-09-25
AUDCAD,0.3941445553082707,0.17138663,0.9936,2026-09-25
EURNZD,0.38050151049735853,0.19416764,2.0125,2026-09-25
$SEN,0.3727559543996077,0.4283784,73895.74,2026-09-25
CLPUSD,0.3682728133269281,0.28874138,0.001042,2026-09-25
EURCAD,0.3560325525598411,0.1554472,1.6108,2026-09-25
%TYX,0.34956418991548904,0.78740567,5.504,2026-09-25
AUDHKD,0.3493020832451912,0.20919526,5.5087,2026-09-25
EURSEK,0.34402771373251967,0.14010248,11.2936,2026-09-25
$TDX,0.3351630726848725,0.45103,3975.48,2026-09-25
$SPXEW,0.3346618311969138,0.4302571,8559.69,2026-09-25
XAGGBP,0.3343678987282962,0.7062737,48.48,2026-09-25
GBPSGD,0.3316311538365575,0.13608804,1.6924,2026-09-25
$E3X,0.3302208920588394,0.33740747,2551.45,2026-09-25
$OMNX40,0.32376333935247986,0.37252173,2624.35,2026-09-25
GBPEUR,0.3157505081832352,0.12907758,1.1636,2026-09-25
MXNUSD,0.3153850365158575,0.24805127,0.05658,2026-09-25
AUDUSD,0.30857191486610414,0.18545462,0.7023,2026-09-25
XAUCHF,0.3014899488583841,0.31470108,3547.86,2026-09-25
$SMI,0.29380753215429145,0.2868558,13945.71,2026-09-25
DKKUSD,0.28982404065394274,0.13140826,0.1524,2026-09-25
EURHKD,0.2863277413236691,0.12887867,8.9349,2026-09-25
$NIF,0.28423372402662056,0.33560273,23140.5,2026-09-25
$SPCBXM,0.2830592626633589,1.6933756,2174.54,2026-09-25
GOOG,0.272318240430765,0.6105946,341.08,2026-09-25
GBPAUD,0.27193288595108445,0.14332578,1.8865,2026-09-25
USDTRY,0.2709317925735414,0.40291566,48.9163,2026-09-25
XAGUSD,0.25399297353564804,0.5789375,64.28,2026-09-25
$NDX,0.2372201606629945,0.4241349,30608.13,2026-09-25
BRLUSD,0.23706410960102206,0.20768784,0.193,2026-09-25
XAUCAD,0.2368977804129766,0.2795982,6057.75,2026-09-25
EURUSD,0.2315812304227656,0.10545397,1.1391,2026-09-25
USDCHF,0.19242301415409732,0.084591776,0.8282,2026-09-25
MXNEUR,0.18247863194342048,0.14112541,0.04967,2026-09-25
NOKCHF,0.18121086360430583,0.1033211,0.0872,2026-09-25
XAUUSD,0.14355179429585427,0.19331598,4286.25,2026-09-25
AUDSGD,0.14128354743015242,0.055775058,0.897,2026-09-25
EURNOK,0.1306305952856964,0.08041911,10.8263,2026-09-25
$FT100,0.13054376415588645,0.14288184,10695.25,2026-09-25
%TNX,0.11243058173710188,0.4261882,5.184,2026-09-25
USDCAD,0.11161254024840644,0.04952575,1.4141,2026-09-25
XAUEUR,0.10133688687043264,0.1422047,3760.38,2026-09-25
USDNZD,0.09222745348984018,0.0679124,1.7683,2026-09-25
SGDEUR,0.08920867014594187,0.029112674,0.6873,2026-09-25
CADCHF,0.08920205810565085,0.034165997,0.5855,2026-09-25
&ZC_CCB,0.07291922324793275,0.1421801,528.25,2026-09-25
XAUAUD,0.053061361381076734,0.101597026,6098.83,2026-09-25
NOKUSD,0.04552787728067863,0.028516056,0.10522,2026-09-25
USDSEK,0.042269996650548924,0.034303445,9.9145,2026-09-25
AUDEUR,0.03903763365321054,0.016213624,0.6166,2026-09-25
INREUR,0.028557651365387196,0.0,0.00916,2026-09-25
&KC_CCB,0.028094477758301806,1.180316,278.6,2026-09-25
NZDCHF,0.027189660345695192,0.0,0.46911,2026-09-25
&ZN_CCB,0.022000542070829746,0.0,104.859375,2026-09-25
&CC_CCB,0.020406360648392657,0.51878357,5619.0,2026-09-25
GBPMXN,0.015221860980170554,0.0119574815,23.419,2026-09-25
AMZN,0.011197201123685191,0.116285704,249.67,2026-09-25
%IRX,0.007680097635293798,0.04917237,4.07,2026-09-25
DKKEUR,0.003302493914075557,0.0,0.1338,2026-09-25
CNYUSD,-0.00021297810453875602,0.0,0.148969,2026-09-25
USDCNY,-0.0022650204789765446,0.0,6.7128,2026-09-25
NVDA,-0.008406433882433933,0.21818751,225.07,2026-09-25
ZWLUSD,-0.020745860144573317,0.020663975,0.038714,2026-09-25
CHFNZD,-0.03247441261231371,0.0,2.1317,2026-09-25
MXNGBP,-0.03801562084133473,-0.023410628,0.0427,2026-09-25
ETHUSD,-0.04242882200130059,0.0070741675,2685.19,2026-09-25
USDNOK,-0.046506583606714336,-0.024196478,9.5043,2026-09-25
XAUGBP,-0.055821916520172564,-0.004328038,3232.1,2026-09-25
$SPCBDM,-0.05590383296046358,0.008115975,4681.06,2026-09-25
SEKUSD,-0.05703680938894624,-0.03964536,0.10086,2026-09-25
EURAUD,-0.061219561711923595,-0.024656136,1.6217,2026-09-25
$CAC,-0.06793904363340611,-0.044922385,8077.8,2026-09-25
XAGJPY,-0.07226380163576568,-0.059243087,10105.29,2026-09-25
USDZWL,-0.0769923219724213,-0.020124992,25.8305,2026-09-25
EURSGD,-0.08674228965409737,-0.027482113,1.4549,2026-09-25
CHFCAD,-0.09577368464621235,-0.035117373,1.7079,2026-09-25
CADUSD,-0.09831854388990142,-0.04240144,0.7072,2026-09-25
NZDUSD,-0.10299525760267805,-0.07068506,0.5655,2026-09-25
EURINR,-0.12539045190458406,-0.043042734,109.14,2026-09-25
NOKEUR,-0.12845733950544647,-0.07572285,0.09237,2026-09-25
%FVX,-0.13240262827735394,-0.35821146,5.007,2026-09-25
SGDAUD,-0.14071077310305347,-0.053790603,1.1148,2026-09-25
$SPCMC,-0.16140698670154496,-0.4124714,7615.06,2026-09-25
&CL_CCB,-0.1614919247714927,-2.3253324,92.41,2026-09-25
CHFNOK,-0.1950932400692044,-0.10888336,11.4675,2026-09-25
BTCUSD,-0.20537812635435534,-0.5501693,83884.97,2026-09-25
USDDKK,-0.2054601077773745,-0.09134122,6.5623,2026-09-25
EURMXN,-0.20614265531786052,-0.15424977,20.1318,2026-09-25
CHFUSD,-0.21030917771094762,-0.09102716,1.2074,2026-09-25
$BVSP,-0.22576319490716468,-0.26583558,183476.86,2026-09-25
USDEUR,-0.22947627338346538,-0.102409035,0.8779,2026-09-25
&NG_CCB,-0.23436493315268575,-3.063386,3.196,2026-09-25
AUDGBP,-0.2546421940014398,-0.13187584,0.5301,2026-09-25
USDBRL,-0.26682651639067306,-0.2272516,5.1806,2026-09-25
HKDEUR,-0.28196995519603224,-0.12493651,0.11192,2026-09-25
&HG_CCB,-0.3035059175378968,-0.35346457,676.6,2026-09-25
USDAUD,-0.30879200782014027,-0.18226111,1.4239,2026-09-25
$AUDTWI,-0.30902237329554577,-0.1531487,65.2,2026-09-25
EURGBP,-0.31632747204757294,-0.1278331,0.8594,2026-09-25
USDMXN,-0.32713578354371486,-0.25284624,17.6734,2026-09-25
SGDGBP,-0.33340605851752686,-0.13520592,0.5909,2026-09-25
SEKEUR,-0.3357331743324421,-0.13533218,0.08855,2026-09-25
TRYUSD,-0.3590470506272118,-0.48780406,0.0204,2026-09-25
USDCLP,-0.365926176244156,-0.27940822,960.06,2026-09-25
HKDAUD,-0.37198114590062636,-0.21989657,0.1815,2026-09-25
CADEUR,-0.3731604452537458,-0.16082135,0.6208,2026-09-25
NZDEUR,-0.3997712261450189,-0.20084693,0.4969,2026-09-25
CADAUD,-0.41447395142204596,-0.17854197,1.0064,2026-09-25
NOKGBP,-0.42324895988368605,-0.2512512,0.0794,2026-09-25
MSTR,-0.43370383824832875,-1.8563207,158.61,2026-09-25
$TWMSCI,-0.44011837759962186,-0.48912522,2164.7,2026-09-24
DKKGBP,-0.4531820560161337,-0.18227118,0.115,2026-09-25
&KE_CCB,-0.46059479435348905,-0.6518905,762.0,2026-09-25
TSLA,-0.46463811617367756,-1.5425774,372.11,2026-09-25
USDSGD,-0.4659223961622909,-0.13293014,1.2772,2026-09-25
CHFAUD,-0.4810168872103064,-0.255244,1.7194,2026-09-25
EURTWD,-0.48379858678510346,-0.20996854,36.12,2026-09-25
USDGBP,-0.48953934259242615,-0.26430216,0.7547,2026-09-25
EURMYR,-0.49437368326841896,-0.23885979,4.6361,2026-09-25
$RTS,-0.5165569256041949,-1.0058985,849.31,2026-09-25
HKDUSD,-0.5271159177562427,-0.023522615,0.12749,2026-09-25
USDINR,-0.5325979004271479,-0.14903378,95.812,2026-09-25
ILSUSD,-0.54170046772255,-0.27372274,0.3279,2026-09-25
USDCZK,-0.5419199595190649,-0.30787882,21.371,2026-09-25
HKDGBP,-0.5613546528364275,-0.30051705,0.09621,2026-09-25
$ZADOW,-0.56259894356884,-0.6513099,2887.51,2026-09-25
USDHUF,-0.5675454149854501,-0.40112203,320.31,2026-09-25
SEKGBP,-0.5848360232691886,-0.30125326,0.07612,2026-09-25
USDPLN,-0.5997109435019125,-0.37673828,3.8343,2026-09-25
CHFEUR,-0.6299869080706203,-0.18833272,1.06,2026-09-25
EURHUF,-0.6557281952408931,-0.29512694,364.87,2026-09-25
CADGBP,-0.6557979375580996,-0.31751665,0.5337,2026-09-25
$USDX,-0.7056056489151881,-0.28245267,100.971,2026-09-25
EURCZK,-0.7056592415891866,-0.20087643,24.344,2026-09-25
USDRUB,-0.7114113731724149,-1.0012301,84.145,2026-09-25
NZDGBP,-0.7239149318277293,-0.3732207,0.4271,2026-09-25
$HS,-0.7409575212721179,-1.0138512,24510.09,2026-09-25
CHFGBP,-0.7679166499788668,-0.36085415,0.9112,2026-09-25
EURPLN,-0.7727426922947765,-0.26943287,4.3677,2026-09-25
GBPZAR,-0.827196659466741,-0.68524647,21.566,2026-09-25
$XIN0,-0.8279398025033752,-1.3479854,15469.79,2026-09-25
NZDAUD,-0.8301338721924284,-0.27224448,0.8059,2026-09-25
CHFHUF,-0.8411115568250737,-0.48665783,386.47,2026-09-25
XAUJPY,-0.8852812480419916,-0.76071167,673674.0,2026-09-25
GME,-0.9163904023348599,-6.514792,23.39,2026-09-25
USDTWD,-0.9802732125997166,-0.31437764,31.709,2026-09-25
EURZAR,-1.052795552109396,-0.8503649,18.5389,2026-09-25
AUDZAR,-1.0580421304515562,-0.77177846,11.4299,2026-09-25
USDZAR,-1.0867962126702504,-0.97382736,16.27,2026-09-25
USDMYR,-1.1359847235904421,-0.34279966,4.07,2026-09-25
$SSEC,-1.2053057748919789,-1.2231591,3888.37,2026-09-24
GBPJPY,-1.2174859208848274,-0.71466005,208.39,2026-09-25
AUDJPY,-1.2431166172938481,-0.8083294,110.44,2026-09-25
$XIN9,-1.3412991551375002,-1.5753416,14310.03,2026-09-24
META,-1.3804711897314124,-3.334669,751.66,2026-09-25
NZDJPY,-1.6798101467713014,-1.0569614,88.93,2026-09-25
USDKRW,-1.696014686854596,-0.91494656,1353.7,2026-09-25
CADJPY,-1.7299589020793436,-1.0326749,111.17,2026-09-25
EURJPY,-1.7559405670839197,-0.8852934,179.13,2026-09-25
USDJPY,-1.8291384494066334,-0.9884829,157.26,2026-09-25
SGDJPY,-1.9110539054543583,-0.8741205,123.153,2026-09-25
CHFJPY,-2.351919001102139,-1.0740342,189.74,2026-09-25
