rsi_status,symbol,chart_title,alt_text,filename,rsi_value
OVERBOUGHT,%TNX,10-Year Treasury Yield with 14-day RSI: 83.38,10-Year Treasury Yield RSI Chart,rsi_%TNX.png,83.38
OVERBOUGHT,$USDX,US Dollar Index with 14-day RSI: 85.71,US Dollar Index RSI Chart,rsi_$USDX.png,85.71
OVERSOLD,&GC_CCB,Gold with 14-day RSI: 25.30,Gold RSI Chart,rsi_&GC_CCB.png,25.30
OVERSOLD,&ZN_CCB,10-Year T-Note with 14-day RSI: 15.85,10-Year T-Note RSI Chart,rsi_&ZN_CCB.png,15.85
OVERSOLD,&KE_CCB,Wheat (KC Hard Red) with 14-day RSI: 22.62,Wheat (KC Hard Red) RSI Chart,rsi_&KE_CCB.png,22.62
OVERSOLD,EURUSD,Euro / US Dollar with 14-day RSI: 12.01,Euro / US Dollar RSI Chart,rsi_EURUSD.png,12.01
OVERSOLD,GBPUSD,British Pound / US Dollar with 14-day RSI: 19.35,British Pound / US Dollar RSI Chart,rsi_GBPUSD.png,19.35
OVERSOLD,AUDUSD,Australian Dollar / US Dollar with 14-day RSI: 19.20,Australian Dollar / US Dollar RSI Chart,rsi_AUDUSD.png,19.20
OVERBOUGHT,%IRX,3-Month T-Bill Yield with 14-day RSI: 94.34,3-Month T-Bill Yield RSI Chart,rsi_%IRX.png,94.34
OVERBOUGHT,%FVX,5-Year Treasury Yield with 14-day RSI: 85.71,5-Year Treasury Yield RSI Chart,rsi_%FVX.png,85.71
OVERBOUGHT,%TYX,30-Year Treasury Yield with 14-day RSI: 76.19,30-Year Treasury Yield RSI Chart,rsi_%TYX.png,76.19
OVERBOUGHT,AAPL,Apple with 14-day RSI: 76.30,Apple RSI Chart,rsi_AAPL.png,76.30
