Open,High,Low,Close,Volume,Open Interest,Symbol
94.83,99.94,93.77,98.43,264633.0,0.0,BRN-2027F
92.61,96.67,91.73,95.38,133946.0,0.0,BRN-2027G
90.97,94.16,90.13,93.1,96925.0,0.0,BRN-2027H
89.53,92.1,88.76,91.2,47068.0,0.0,BRN-2027J
88.23,90.29,87.52,89.53,31547.0,0.0,BRN-2027K
86.99,88.68,86.34,88.03,68924.0,0.0,BRN-2027M
85.86,87.17,85.28,86.67,11689.0,0.0,BRN-2027N
84.78,85.85,84.35,85.43,8814.0,0.0,BRN-2027Q
83.79,84.67,83.33,84.32,17392.0,0.0,BRN-2027U
82.86,83.46,82.4,83.32,4813.0,0.0,BRN-2027V
82.43,82.43,82.43,82.43,2365.0,0.0,BRN-2027X
81.24,81.87,80.81,81.6,38267.0,0.0,BRN-2027Z
80.87,80.87,80.81,80.81,1466.0,0.0,BRN-2028F
80.07,80.07,80.07,80.07,1973.0,0.0,BRN-2028G
79.41,79.41,79.41,79.41,2513.0,0.0,BRN-2028H
78.82,78.82,78.82,78.82,280.0,0.0,BRN-2028J
78.29,78.29,78.29,78.29,145.0,0.0,BRN-2028K
77.9,78.19,77.32,77.8,6188.0,0.0,BRN-2028M
77.31,77.31,77.31,77.31,221.0,0.0,BRN-2028N
76.83,76.83,76.83,76.83,305.0,0.0,BRN-2028Q
76.36,76.36,76.36,76.36,825.0,0.0,BRN-2028U
75.89,75.89,75.89,75.89,108.0,0.0,BRN-2028V
75.45,75.45,75.45,75.45,131.0,0.0,BRN-2028X
75.41,75.57,74.79,75.07,12142.0,0.0,BRN-2028Z
74.68,74.68,74.68,74.68,433.0,0.0,BRN-2029F
74.32,74.32,74.32,74.32,315.0,0.0,BRN-2029G
74.04,74.04,74.04,74.04,755.0,0.0,BRN-2029H
73.76,73.76,73.76,73.76,83.0,0.0,BRN-2029J
73.47,73.47,73.47,73.47,42.0,0.0,BRN-2029K
73.62,73.66,73.0,73.17,848.0,0.0,BRN-2029M
72.85,72.85,72.85,72.85,0.0,0.0,BRN-2029N
72.57,72.57,72.57,72.57,0.0,0.0,BRN-2029Q
72.28,72.28,72.28,72.28,0.0,0.0,BRN-2029U
72.0,72.0,72.0,72.0,0.0,0.0,BRN-2029V
71.69,71.69,71.69,71.69,0.0,0.0,BRN-2029X
72.01,72.12,71.33,71.41,1716.0,0.0,BRN-2029Z
71.1,71.1,71.1,71.1,0.0,0.0,BRN-2030F
70.93,70.93,70.93,70.93,0.0,0.0,BRN-2030G
70.78,70.78,70.78,70.78,0.0,0.0,BRN-2030H
70.61,70.61,70.61,70.61,0.0,0.0,BRN-2030J
70.43,70.43,70.43,70.43,0.0,0.0,BRN-2030K
70.74,70.74,70.26,70.26,126.0,0.0,BRN-2030M
70.05,70.05,70.05,70.05,0.0,0.0,BRN-2030N
69.82,69.82,69.82,69.82,0.0,0.0,BRN-2030Q
69.59,69.59,69.59,69.59,0.0,0.0,BRN-2030U
69.37,69.37,69.37,69.37,0.0,0.0,BRN-2030V
69.16,69.16,69.16,69.16,0.0,0.0,BRN-2030X
69.74,69.74,68.92,68.92,399.0,0.0,BRN-2030Z
68.77,68.77,68.77,68.77,0.0,0.0,BRN-2031F
68.62,68.62,68.62,68.62,0.0,0.0,BRN-2031G
68.48,68.48,68.48,68.48,0.0,0.0,BRN-2031H
68.33,68.33,68.33,68.33,0.0,0.0,BRN-2031J
68.17,68.17,68.17,68.17,0.0,0.0,BRN-2031K
68.01,68.01,68.01,68.01,0.0,0.0,BRN-2031M
67.84,67.84,67.84,67.84,0.0,0.0,BRN-2031N
67.67,67.67,67.67,67.67,0.0,0.0,BRN-2031Q
67.5,67.5,67.5,67.5,0.0,0.0,BRN-2031U
67.32,67.32,67.32,67.32,0.0,0.0,BRN-2031V
67.13,67.13,67.13,67.13,0.0,0.0,BRN-2031X
66.94,66.94,66.94,66.94,16.0,0.0,BRN-2031Z
66.79,66.79,66.79,66.79,0.0,0.0,BRN-2032F
66.64,66.64,66.64,66.64,0.0,0.0,BRN-2032G
66.5,66.5,66.5,66.5,0.0,0.0,BRN-2032H
66.36,66.36,66.36,66.36,0.0,0.0,BRN-2032J
66.23,66.23,66.23,66.23,0.0,0.0,BRN-2032K
66.1,66.1,66.1,66.1,0.0,0.0,BRN-2032M
65.97,65.97,65.97,65.97,0.0,0.0,BRN-2032N
65.84,65.84,65.84,65.84,0.0,0.0,BRN-2032Q
65.7,65.7,65.7,65.7,0.0,0.0,BRN-2032U
65.57,65.57,65.57,65.57,0.0,0.0,BRN-2032V
65.45,65.45,65.45,65.45,0.0,0.0,BRN-2032X
65.33,65.33,65.33,65.33,0.0,0.0,BRN-2032Z
65.18,65.18,65.18,65.18,0.0,0.0,BRN-2033F
65.04,65.04,65.04,65.04,0.0,0.0,BRN-2033G
64.91,64.91,64.91,64.91,0.0,0.0,BRN-2033H
64.79,64.79,64.79,64.79,0.0,0.0,BRN-2033J
64.67,64.67,64.67,64.67,0.0,0.0,BRN-2033K
64.56,64.56,64.56,64.56,0.0,0.0,BRN-2033M
64.45,64.45,64.45,64.45,0.0,0.0,BRN-2033N
64.35,64.35,64.35,64.35,0.0,0.0,BRN-2033Q
64.26,64.26,64.26,64.26,0.0,0.0,BRN-2033U
64.17,64.17,64.17,64.17,0.0,0.0,BRN-2033V
64.08,64.08,64.08,64.08,0.0,0.0,BRN-2033X
63.99,63.99,63.99,63.99,0.0,0.0,BRN-2033Z
63.88,63.88,63.88,63.88,0.0,0.0,BRN-2034F
63.78,63.78,63.78,63.78,0.0,0.0,BRN-2034G
63.69,63.69,63.69,63.69,0.0,0.0,BRN-2034H
63.6,63.6,63.6,63.6,0.0,0.0,BRN-2034J
63.52,63.52,63.52,63.52,0.0,0.0,BRN-2034K
63.43,63.43,63.43,63.43,0.0,0.0,BRN-2034M
63.36,63.36,63.36,63.36,0.0,0.0,BRN-2034N
63.29,63.29,63.29,63.29,0.0,0.0,BRN-2034Q
63.22,63.22,63.22,63.22,0.0,0.0,BRN-2034U
63.15,63.15,63.15,63.15,0.0,0.0,BRN-2034V
63.09,63.09,63.09,63.09,0.0,0.0,BRN-2034X
63.03,63.03,63.03,63.03,0.0,0.0,BRN-2034Z
62.94,62.94,62.94,62.94,0.0,0.0,BRN-2035F
62.86,62.86,62.86,62.86,0.0,0.0,BRN-2035G
62.79,62.79,62.79,62.79,0.0,0.0,BRN-2035H
62.72,62.72,62.72,62.72,0.0,0.0,BRN-2035J
62.65,62.65,62.65,62.65,0.0,0.0,BRN-2035K
62.58,62.58,62.58,62.58,0.0,0.0,BRN-2035M
62.52,62.52,62.52,62.52,0.0,0.0,BRN-2035N
62.46,62.46,62.46,62.46,0.0,0.0,BRN-2035Q
62.4,62.4,62.4,62.4,0.0,0.0,BRN-2035U
62.34,62.34,62.34,62.34,0.0,0.0,BRN-2035V
62.29,62.29,62.29,62.29,0.0,0.0,BRN-2035X
62.24,62.24,62.24,62.24,0.0,0.0,BRN-2035Z
62.17,62.17,62.17,62.17,0.0,0.0,BRN-2036F
62.1,62.1,62.1,62.1,0.0,0.0,BRN-2036G
62.03,62.03,62.03,62.03,0.0,0.0,BRN-2036H
61.96,61.96,61.96,61.96,0.0,0.0,BRN-2036J
61.89,61.89,61.89,61.89,0.0,0.0,BRN-2036K
61.82,61.82,61.82,61.82,0.0,0.0,BRN-2036M
61.75,61.75,61.75,61.75,0.0,0.0,BRN-2036N
61.68,61.68,61.68,61.68,0.0,0.0,BRN-2036Q
61.62,61.62,61.62,61.62,0.0,0.0,BRN-2036U
61.56,61.56,61.56,61.56,0.0,0.0,BRN-2036V
61.5,61.5,61.5,61.5,0.0,0.0,BRN-2036X
61.45,61.45,61.45,61.45,0.0,0.0,BRN-2036Z
61.4,61.4,61.4,61.4,0.0,0.0,BRN-2037F
61.35,61.35,61.35,61.35,0.0,0.0,BRN-2037G
61.3,61.3,61.3,61.3,0.0,0.0,BRN-2037H
61.25,61.25,61.25,61.25,0.0,0.0,BRN-2037J
61.2,61.2,61.2,61.2,0.0,0.0,BRN-2037K
61.15,61.15,61.15,61.15,0.0,0.0,BRN-2037M
61.09,61.09,61.09,61.09,0.0,0.0,BRN-2037N
61.03,61.03,61.03,61.03,0.0,0.0,BRN-2037Q
60.97,60.97,60.97,60.97,0.0,0.0,BRN-2037U
60.91,60.91,60.91,60.91,0.0,0.0,BRN-2037V
60.86,60.86,60.86,60.86,0.0,0.0,BRN-2037X
60.82,60.82,60.82,60.82,0.0,0.0,BRN-2037Z
60.77,60.77,60.77,60.77,0.0,0.0,BRN-2038F
60.72,60.72,60.72,60.72,0.0,0.0,BRN-2038G
60.67,60.67,60.67,60.67,0.0,0.0,BRN-2038H
60.62,60.62,60.62,60.62,0.0,0.0,BRN-2038J
60.57,60.57,60.57,60.57,0.0,0.0,BRN-2038K
60.52,60.52,60.52,60.52,0.0,0.0,BRN-2038M
60.46,60.46,60.46,60.46,0.0,0.0,BRN-2038N
60.4,60.4,60.4,60.4,0.0,0.0,BRN-2038Q
60.34,60.34,60.34,60.34,0.0,0.0,BRN-2038U
60.28,60.28,60.28,60.28,0.0,0.0,BRN-2038V
60.22,60.22,60.22,60.22,0.0,0.0,BRN-2038X
60.17,60.17,60.17,60.17,0.0,0.0,BRN-2038Z
60.12,60.12,60.12,60.12,0.0,0.0,BRN-2039F
60.07,60.07,60.07,60.07,0.0,0.0,BRN-2039G
60.02,60.02,60.02,60.02,0.0,0.0,BRN-2039H
5348.0,5463.0,5051.0,5381.0,28874.0,0.0,CC-2026Z
5472.0,5527.0,5160.0,5448.0,19278.0,0.0,CC-2027H
5532.0,5566.0,5227.0,5492.0,6759.0,0.0,CC-2027K
5584.0,5604.0,5289.0,5535.0,2936.0,0.0,CC-2027N
5570.0,5605.0,5302.0,5538.0,1112.0,0.0,CC-2027U
5471.0,5514.0,5256.0,5483.0,759.0,0.0,CC-2027Z
5314.0,5435.0,5218.0,5435.0,354.0,0.0,CC-2028H
5194.0,5386.0,5178.0,5386.0,26.0,0.0,CC-2028K
5364.0,5364.0,5364.0,5364.0,10.0,0.0,CC-2028N
5353.0,5353.0,5353.0,5353.0,0.0,0.0,CC-2028U
90.4,93.68,88.79,92.87,308429.0,0.0,CL-2026X
88.46,91.61,86.91,90.84,188451.0,0.0,CL-2026Z
86.64,89.53,85.39,88.76,109356.0,0.0,CL-2027F
85.05,87.35,83.93,86.64,61521.0,0.0,CL-2027G
83.58,85.37,82.65,84.76,60619.0,0.0,CL-2027H
82.43,83.67,81.52,83.16,29273.0,0.0,CL-2027J
81.28,82.17,80.7,81.79,19632.0,0.0,CL-2027K
80.42,80.91,79.52,80.6,45979.0,0.0,CL-2027M
79.23,79.72,78.64,79.53,7193.0,0.0,CL-2027N
78.14,78.62,77.93,78.54,2348.0,0.0,CL-2027Q
77.5,77.81,77.0,77.65,10251.0,0.0,CL-2027U
76.4,76.86,76.4,76.84,1305.0,0.0,CL-2027V
75.73,76.17,75.66,76.12,1640.0,0.0,CL-2027X
75.44,75.75,74.86,75.44,46667.0,0.0,CL-2027Z
74.63,74.79,74.63,74.79,739.0,0.0,CL-2028F
74.05,74.19,74.05,74.19,580.0,0.0,CL-2028G
73.47,73.65,73.45,73.65,1323.0,0.0,CL-2028H
73.15,73.15,73.15,73.15,321.0,0.0,CL-2028J
72.69,72.69,72.69,72.69,413.0,0.0,CL-2028K
72.6,72.73,71.87,72.25,5870.0,0.0,CL-2028M
71.79,71.79,71.79,71.79,148.0,0.0,CL-2028N
71.33,71.33,71.33,71.33,270.0,0.0,CL-2028Q
70.92,70.92,70.92,70.92,1020.0,0.0,CL-2028U
70.53,70.53,70.53,70.53,270.0,0.0,CL-2028V
70.18,70.18,70.18,70.18,200.0,0.0,CL-2028X
70.4,70.48,69.55,69.84,10856.0,0.0,CL-2028Z
69.47,69.47,69.47,69.47,250.0,0.0,CL-2029F
69.1,69.1,69.1,69.1,147.0,0.0,CL-2029G
68.74,68.74,68.74,68.74,167.0,0.0,CL-2029H
68.4,68.4,68.4,68.4,27.0,0.0,CL-2029J
68.1,68.1,68.1,68.1,8.0,0.0,CL-2029K
67.65,67.77,67.65,67.77,646.0,0.0,CL-2029M
67.41,67.41,67.41,67.41,7.0,0.0,CL-2029N
67.1,67.1,67.1,67.1,5.0,0.0,CL-2029Q
66.78,66.78,66.78,66.78,10.0,0.0,CL-2029U
66.47,66.47,66.47,66.47,5.0,0.0,CL-2029V
66.18,66.18,66.18,66.18,0.0,0.0,CL-2029X
66.26,66.34,65.67,65.86,2558.0,0.0,CL-2029Z
65.51,65.51,65.51,65.51,0.0,0.0,CL-2030F
65.26,65.26,65.26,65.26,0.0,0.0,CL-2030G
64.97,64.97,64.97,64.97,0.0,0.0,CL-2030H
64.68,64.68,64.68,64.68,0.0,0.0,CL-2030J
64.43,64.43,64.43,64.43,0.0,0.0,CL-2030K
64.15,64.15,64.15,64.15,47.0,0.0,CL-2030M
63.83,63.83,63.83,63.83,0.0,0.0,CL-2030N
63.52,63.52,63.52,63.52,0.0,0.0,CL-2030Q
63.26,63.26,63.26,63.26,0.0,0.0,CL-2030U
63.01,63.01,63.01,63.01,0.0,0.0,CL-2030V
62.74,62.74,62.74,62.74,0.0,0.0,CL-2030X
63.2,63.2,62.33,62.46,755.0,0.0,CL-2030Z
62.14,62.14,62.14,62.14,0.0,0.0,CL-2031F
61.88,61.88,61.88,61.88,0.0,0.0,CL-2031G
61.66,61.66,61.66,61.66,0.0,0.0,CL-2031H
61.46,61.46,61.46,61.46,0.0,0.0,CL-2031J
61.17,61.17,61.17,61.17,0.0,0.0,CL-2031K
60.96,60.96,60.96,60.96,0.0,0.0,CL-2031M
60.69,60.69,60.69,60.69,0.0,0.0,CL-2031N
60.46,60.46,60.46,60.46,0.0,0.0,CL-2031Q
60.19,60.19,60.19,60.19,0.0,0.0,CL-2031U
59.94,59.94,59.94,59.94,0.0,0.0,CL-2031V
59.76,59.76,59.76,59.76,0.0,0.0,CL-2031X
60.15,60.15,59.52,59.52,154.0,0.0,CL-2031Z
59.22,59.22,59.22,59.22,0.0,0.0,CL-2032F
59.05,59.05,59.05,59.05,0.0,0.0,CL-2032G
58.86,58.86,58.86,58.86,0.0,0.0,CL-2032H
58.64,58.64,58.64,58.64,0.0,0.0,CL-2032J
58.39,58.39,58.39,58.39,0.0,0.0,CL-2032K
58.17,58.17,58.17,58.17,0.0,0.0,CL-2032M
57.91,57.91,57.91,57.91,0.0,0.0,CL-2032N
57.71,57.71,57.71,57.71,0.0,0.0,CL-2032Q
57.47,57.47,57.47,57.47,0.0,0.0,CL-2032U
57.28,57.28,57.28,57.28,0.0,0.0,CL-2032V
57.06,57.06,57.06,57.06,0.0,0.0,CL-2032X
56.9,56.9,56.9,56.9,60.0,0.0,CL-2032Z
56.69,56.69,56.69,56.69,0.0,0.0,CL-2033F
56.51,56.51,56.51,56.51,0.0,0.0,CL-2033G
56.37,56.37,56.37,56.37,0.0,0.0,CL-2033H
56.21,56.21,56.21,56.21,0.0,0.0,CL-2033J
55.97,55.97,55.97,55.97,0.0,0.0,CL-2033K
55.73,55.73,55.73,55.73,0.0,0.0,CL-2033M
55.47,55.47,55.47,55.47,0.0,0.0,CL-2033N
55.26,55.26,55.26,55.26,0.0,0.0,CL-2033Q
55.06,55.06,55.06,55.06,0.0,0.0,CL-2033U
54.88,54.88,54.88,54.88,0.0,0.0,CL-2033V
54.75,54.75,54.75,54.75,0.0,0.0,CL-2033X
55.15,55.15,54.64,54.64,55.0,0.0,CL-2033Z
54.46,54.46,54.46,54.46,0.0,0.0,CL-2034F
54.28,54.28,54.28,54.28,0.0,0.0,CL-2034G
54.03,54.03,54.03,54.03,0.0,0.0,CL-2034H
53.87,53.87,53.87,53.87,0.0,0.0,CL-2034J
53.68,53.68,53.68,53.68,0.0,0.0,CL-2034K
53.54,53.54,53.54,53.54,0.0,0.0,CL-2034M
53.4,53.4,53.4,53.4,0.0,0.0,CL-2034N
53.26,53.26,53.26,53.26,0.0,0.0,CL-2034Q
53.18,53.18,53.18,53.18,0.0,0.0,CL-2034U
53.04,53.04,53.04,53.04,0.0,0.0,CL-2034V
52.93,52.93,52.93,52.93,0.0,0.0,CL-2034X
54.0,54.0,52.59,52.59,51.0,0.0,CL-2034Z
52.55,52.55,52.55,52.55,0.0,0.0,CL-2035F
52.39,52.39,52.39,52.39,0.0,0.0,CL-2035G
52.24,52.24,52.24,52.24,0.0,0.0,CL-2035H
52.09,52.09,52.09,52.09,0.0,0.0,CL-2035J
51.9,51.9,51.9,51.9,0.0,0.0,CL-2035K
51.62,51.62,51.62,51.62,0.0,0.0,CL-2035M
51.48,51.48,51.48,51.48,0.0,0.0,CL-2035N
51.34,51.34,51.34,51.34,0.0,0.0,CL-2035Q
51.22,51.22,51.22,51.22,0.0,0.0,CL-2035U
51.08,51.08,51.08,51.08,0.0,0.0,CL-2035V
50.95,50.95,50.95,50.95,0.0,0.0,CL-2035X
52.5,52.5,50.94,50.94,26.0,0.0,CL-2035Z
50.82,50.82,50.82,50.82,0.0,0.0,CL-2036F
50.7,50.7,50.7,50.7,0.0,0.0,CL-2036G
50.57,50.57,50.57,50.57,0.0,0.0,CL-2036H
50.42,50.42,50.42,50.42,0.0,0.0,CL-2036J
50.26,50.26,50.26,50.26,0.0,0.0,CL-2036K
49.98,49.98,49.98,49.98,0.0,0.0,CL-2036M
49.81,49.81,49.81,49.81,0.0,0.0,CL-2036N
49.63,49.63,49.63,49.63,0.0,0.0,CL-2036Q
49.5,49.5,49.5,49.5,0.0,0.0,CL-2036U
49.36,49.36,49.36,49.36,0.0,0.0,CL-2036V
49.24,49.24,49.24,49.24,0.0,0.0,CL-2036X
52.0,52.0,49.14,49.14,1.0,0.0,CL-2036Z
49.07,49.07,49.07,49.07,0.0,0.0,CL-2037F
49.01,49.01,49.01,49.01,0.0,0.0,CL-2037G
7719.5,7767.75,7672.75,7724.0,2.121267e+06,0.0,ES-2026Z
7801.75,7847.25,7751.75,7802.0,3133.0,0.0,ES-2027H
7882.75,7882.75,7882.75,7882.75,0.0,0.0,ES-2027M
7966.5,7966.5,7966.5,7966.5,0.0,0.0,ES-2027U
8055.5,8055.5,8055.5,8055.5,0.0,0.0,ES-2027Z
8147.75,8147.75,8147.75,8147.75,0.0,0.0,ES-2028H
8240.5,8240.5,8240.5,8240.5,0.0,0.0,ES-2028M
8332.75,8332.75,8332.75,8332.75,0.0,0.0,ES-2028U
8423.5,8423.5,8423.5,8423.5,0.0,0.0,ES-2028Z
8525.0,8525.0,8525.0,8525.0,0.0,0.0,ES-2029H
8626.25,8626.25,8626.25,8626.25,0.0,0.0,ES-2029M
8727.75,8727.75,8727.75,8727.75,0.0,0.0,ES-2029U
8829.0,8829.0,8829.0,8829.0,0.0,0.0,ES-2029Z
8938.0,8938.0,8938.0,8938.0,0.0,0.0,ES-2030H
9047.25,9047.25,9047.25,9047.25,0.0,0.0,ES-2030M
9156.25,9156.25,9156.25,9156.25,0.0,0.0,ES-2030U
9265.25,9265.25,9265.25,9265.25,0.0,0.0,ES-2030Z
9328.0,9328.0,9328.0,9328.0,0.0,0.0,ES-2031H
9391.25,9391.25,9391.25,9391.25,0.0,0.0,ES-2031M
9475.75,9475.75,9475.75,9475.75,0.0,0.0,ES-2031U
9558.75,9558.75,9558.75,9558.75,0.0,0.0,ES-2031Z
4148.6,4192.2,4145.9,4172.9,1145.0,0.0,GC-2026V
4171.0,4206.3,4156.0,4187.1,1067.0,0.0,GC-2026X
4190.1,4222.8,4169.4,4202.3,122256.0,0.0,GC-2026Z
4209.3,4241.0,4206.4,4221.4,112.0,0.0,GC-2027F
4224.8,4257.4,4204.5,4237.3,7136.0,0.0,GC-2027G
4230.0,4263.6,4220.9,4253.5,19.0,0.0,GC-2027H
4250.0,4291.5,4250.0,4271.4,1491.0,0.0,GC-2027J
4290.5,4290.5,4290.5,4290.5,59.0,0.0,GC-2027K
4290.8,4327.2,4278.4,4308.4,940.0,0.0,GC-2027M
4327.3,4327.3,4327.3,4327.3,9.0,0.0,GC-2027N
4367.9,4367.9,4334.2,4346.8,102.0,0.0,GC-2027Q
4365.7,4365.7,4365.7,4365.7,1.0,0.0,GC-2027U
4384.4,4384.4,4384.4,4384.4,50.0,0.0,GC-2027V
4403.5,4403.5,4403.5,4403.5,0.0,0.0,GC-2027X
4434.5,4434.5,4422.1,4422.1,95.0,0.0,GC-2027Z
4441.4,4441.4,4441.4,4441.4,0.0,0.0,GC-2028F
4443.4,4460.5,4443.4,4460.5,15.0,0.0,GC-2028G
4479.6,4479.6,4479.6,4479.6,0.0,0.0,GC-2028H
4498.4,4498.4,4498.4,4498.4,12.0,0.0,GC-2028J
4517.1,4517.1,4517.1,4517.1,0.0,0.0,GC-2028K
4535.6,4535.6,4535.6,4535.6,21.0,0.0,GC-2028M
4554.2,4554.2,4554.2,4554.2,0.0,0.0,GC-2028N
4573.0,4573.0,4573.0,4573.0,9.0,0.0,GC-2028Q
4591.6,4591.6,4591.6,4591.6,0.0,0.0,GC-2028U
4609.8,4609.8,4609.8,4609.8,10.0,0.0,GC-2028V
4629.2,4629.2,4629.2,4629.2,0.0,0.0,GC-2028X
4645.7,4645.7,4645.7,4645.7,12.0,0.0,GC-2028Z
4754.2,4754.2,4754.2,4754.2,1.0,0.0,GC-2029M
4862.9,4862.9,4862.9,4862.9,0.0,0.0,GC-2029Z
4930.9,4930.9,4930.9,4930.9,0.0,0.0,GC-2030M
4970.9,4970.9,4970.9,4970.9,0.0,0.0,GC-2030Z
5006.1,5006.1,5006.1,5006.1,0.0,0.0,GC-2031M
5042.1,5042.1,5042.1,5042.1,0.0,0.0,GC-2031Z
5077.3,5077.3,5077.3,5077.3,0.0,0.0,GC-2032M
3.016,3.021,2.947,2.967,144978.0,0.0,NG-2026X
3.345,3.354,3.283,3.305,67860.0,0.0,NG-2026Z
3.731,3.736,3.663,3.691,45122.0,0.0,NG-2027F
3.414,3.414,3.349,3.369,22102.0,0.0,NG-2027G
2.744,2.749,2.704,2.719,23988.0,0.0,NG-2027H
2.659,2.659,2.616,2.631,24220.0,0.0,NG-2027J
2.682,2.682,2.649,2.66,9184.0,0.0,NG-2027K
2.835,2.837,2.804,2.818,5279.0,0.0,NG-2027M
3.085,3.087,3.045,3.061,6709.0,0.0,NG-2027N
3.157,3.159,3.121,3.135,5225.0,0.0,NG-2027Q
3.14,3.142,3.105,3.116,3749.0,0.0,NG-2027U
3.229,3.232,3.187,3.197,12381.0,0.0,NG-2027V
3.52,3.522,3.473,3.486,3660.0,0.0,NG-2027X
4.129,4.132,4.07,4.086,3574.0,0.0,NG-2027Z
4.548,4.554,4.491,4.508,3760.0,0.0,NG-2028F
4.157,4.161,4.1,4.115,1008.0,0.0,NG-2028G
3.443,3.449,3.397,3.412,1283.0,0.0,NG-2028H
3.213,3.229,3.173,3.189,1078.0,0.0,NG-2028J
3.219,3.227,3.171,3.186,290.0,0.0,NG-2028K
3.379,3.386,3.327,3.34,233.0,0.0,NG-2028M
3.595,3.599,3.541,3.552,366.0,0.0,NG-2028N
3.643,3.652,3.596,3.607,408.0,0.0,NG-2028Q
3.609,3.619,3.564,3.574,283.0,0.0,NG-2028U
3.664,3.669,3.615,3.625,279.0,0.0,NG-2028V
3.807,3.841,3.788,3.798,117.0,0.0,NG-2028X
4.374,4.375,4.333,4.335,64.0,0.0,NG-2028Z
4.777,4.777,4.777,4.777,55.0,0.0,NG-2029F
4.34,4.34,4.34,4.34,10.0,0.0,NG-2029G
3.431,3.431,3.42,3.42,21.0,0.0,NG-2029H
3.162,3.162,3.162,3.162,11.0,0.0,NG-2029J
3.146,3.146,3.146,3.146,1.0,0.0,NG-2029K
3.262,3.271,3.262,3.271,4.0,0.0,NG-2029M
3.479,3.479,3.479,3.479,6.0,0.0,NG-2029N
3.538,3.538,3.538,3.538,9.0,0.0,NG-2029Q
3.526,3.526,3.526,3.526,6.0,0.0,NG-2029U
3.591,3.591,3.591,3.591,15.0,0.0,NG-2029V
3.725,3.725,3.725,3.725,15.0,0.0,NG-2029X
4.273,4.273,4.273,4.273,9.0,0.0,NG-2029Z
4.742,4.742,4.742,4.742,7.0,0.0,NG-2030F
4.331,4.331,4.331,4.331,0.0,0.0,NG-2030G
3.479,3.479,3.479,3.479,0.0,0.0,NG-2030H
3.142,3.142,3.142,3.142,0.0,0.0,NG-2030J
3.103,3.103,3.103,3.103,1.0,0.0,NG-2030K
3.219,3.219,3.219,3.219,2.0,0.0,NG-2030M
3.457,3.457,3.457,3.457,1.0,0.0,NG-2030N
3.496,3.496,3.496,3.496,0.0,0.0,NG-2030Q
3.464,3.464,3.464,3.464,0.0,0.0,NG-2030U
3.529,3.529,3.529,3.529,0.0,0.0,NG-2030V
3.677,3.677,3.677,3.677,0.0,0.0,NG-2030X
4.229,4.229,4.229,4.229,0.0,0.0,NG-2030Z
4.656,4.656,4.656,4.656,0.0,0.0,NG-2031F
4.257,4.257,4.257,4.257,1.0,0.0,NG-2031G
3.435,3.435,3.435,3.435,1.0,0.0,NG-2031H
3.06,3.06,3.06,3.06,0.0,0.0,NG-2031J
3.022,3.022,3.022,3.022,0.0,0.0,NG-2031K
3.146,3.146,3.146,3.146,0.0,0.0,NG-2031M
3.362,3.362,3.362,3.362,0.0,0.0,NG-2031N
3.428,3.428,3.428,3.428,0.0,0.0,NG-2031Q
3.41,3.41,3.41,3.41,1.0,0.0,NG-2031U
3.491,3.491,3.491,3.491,1.0,0.0,NG-2031V
3.719,3.719,3.719,3.719,0.0,0.0,NG-2031X
4.331,4.331,4.331,4.331,0.0,0.0,NG-2031Z
4.7,4.7,4.7,4.7,0.0,0.0,NG-2032F
4.298,4.298,4.298,4.298,0.0,0.0,NG-2032G
3.452,3.452,3.452,3.452,0.0,0.0,NG-2032H
3.035,3.035,3.035,3.035,0.0,0.0,NG-2032J
3.007,3.007,3.007,3.007,0.0,0.0,NG-2032K
3.125,3.125,3.125,3.125,0.0,0.0,NG-2032M
3.308,3.308,3.308,3.308,0.0,0.0,NG-2032N
3.362,3.362,3.362,3.362,0.0,0.0,NG-2032Q
3.336,3.336,3.336,3.336,0.0,0.0,NG-2032U
3.399,3.399,3.399,3.399,0.0,0.0,NG-2032V
3.611,3.611,3.611,3.611,0.0,0.0,NG-2032X
4.151,4.151,4.151,4.151,0.0,0.0,NG-2032Z
4.469,4.469,4.469,4.469,0.0,0.0,NG-2033F
4.029,4.029,4.029,4.029,0.0,0.0,NG-2033G
3.275,3.275,3.275,3.275,0.0,0.0,NG-2033H
2.941,2.941,2.941,2.941,0.0,0.0,NG-2033J
2.927,2.927,2.927,2.927,0.0,0.0,NG-2033K
3.068,3.068,3.068,3.068,0.0,0.0,NG-2033M
3.265,3.265,3.265,3.265,0.0,0.0,NG-2033N
3.316,3.316,3.316,3.316,0.0,0.0,NG-2033Q
3.29,3.29,3.29,3.29,0.0,0.0,NG-2033U
3.363,3.363,3.363,3.363,0.0,0.0,NG-2033V
3.602,3.602,3.602,3.602,0.0,0.0,NG-2033X
4.042,4.042,4.042,4.042,0.0,0.0,NG-2033Z
4.337,4.337,4.337,4.337,0.0,0.0,NG-2034F
3.972,3.972,3.972,3.972,0.0,0.0,NG-2034G
3.352,3.352,3.352,3.352,0.0,0.0,NG-2034H
2.942,2.942,2.942,2.942,0.0,0.0,NG-2034J
2.932,2.932,2.932,2.932,0.0,0.0,NG-2034K
3.082,3.082,3.082,3.082,0.0,0.0,NG-2034M
3.262,3.262,3.262,3.262,0.0,0.0,NG-2034N
3.322,3.322,3.322,3.322,0.0,0.0,NG-2034Q
3.337,3.337,3.337,3.337,0.0,0.0,NG-2034U
3.383,3.383,3.383,3.383,0.0,0.0,NG-2034V
3.623,3.623,3.623,3.623,0.0,0.0,NG-2034X
4.023,4.023,4.023,4.023,0.0,0.0,NG-2034Z
4.248,4.248,4.248,4.248,0.0,0.0,NG-2035F
3.968,3.968,3.968,3.968,0.0,0.0,NG-2035G
3.538,3.538,3.538,3.538,0.0,0.0,NG-2035H
3.148,3.148,3.148,3.148,0.0,0.0,NG-2035J
3.126,3.126,3.126,3.126,0.0,0.0,NG-2035K
3.161,3.161,3.161,3.161,0.0,0.0,NG-2035M
3.201,3.201,3.201,3.201,0.0,0.0,NG-2035N
3.241,3.241,3.241,3.241,0.0,0.0,NG-2035Q
3.256,3.256,3.256,3.256,0.0,0.0,NG-2035U
3.302,3.302,3.302,3.302,0.0,0.0,NG-2035V
3.502,3.502,3.502,3.502,0.0,0.0,NG-2035X
3.812,3.812,3.812,3.812,0.0,0.0,NG-2035Z
4.082,4.082,4.082,4.082,0.0,0.0,NG-2036F
3.902,3.902,3.902,3.902,0.0,0.0,NG-2036G
3.632,3.632,3.632,3.632,0.0,0.0,NG-2036H
3.302,3.302,3.302,3.302,0.0,0.0,NG-2036J
3.28,3.28,3.28,3.28,0.0,0.0,NG-2036K
3.32,3.32,3.32,3.32,0.0,0.0,NG-2036M
3.36,3.36,3.36,3.36,0.0,0.0,NG-2036N
3.4,3.4,3.4,3.4,0.0,0.0,NG-2036Q
3.415,3.415,3.415,3.415,0.0,0.0,NG-2036U
96.1125,96.12,96.11,96.115,166149.0,0.0,ZQ-2026V
96.03,96.08,96.02,96.06,555087.0,0.0,ZQ-2026X
95.88,95.955,95.87,95.93,60696.0,0.0,ZQ-2026Z
95.805,95.895,95.79,95.865,189597.0,0.0,ZQ-2027F
95.685,95.82,95.67,95.785,87935.0,0.0,ZQ-2027G
95.6,95.745,95.58,95.71,24664.0,0.0,ZQ-2027H
95.495,95.655,95.475,95.615,44698.0,0.0,ZQ-2027J
95.385,95.57,95.37,95.53,20710.0,0.0,ZQ-2027K
95.31,95.5,95.285,95.455,8346.0,0.0,ZQ-2027M
95.27,95.465,95.245,95.415,13271.0,0.0,ZQ-2027N
95.225,95.425,95.205,95.375,6520.0,0.0,ZQ-2027Q
95.205,95.4,95.18,95.35,3006.0,0.0,ZQ-2027U
95.18,95.38,95.155,95.33,2325.0,0.0,ZQ-2027V
95.175,95.37,95.145,95.32,1621.0,0.0,ZQ-2027X
95.19,95.36,95.19,95.335,2.0,0.0,ZQ-2027Z
95.17,95.345,95.155,95.335,268.0,0.0,ZQ-2028F
95.35,95.35,95.35,95.35,0.0,0.0,ZQ-2028G
95.365,95.365,95.365,95.365,0.0,0.0,ZQ-2028H
95.43,95.43,95.43,95.43,0.0,0.0,ZQ-2028J
95.405,95.405,95.405,95.405,0.0,0.0,ZQ-2028K
95.385,95.385,95.385,95.385,0.0,0.0,ZQ-2028M
95.365,95.365,95.365,95.365,0.0,0.0,ZQ-2028N
95.285,95.285,95.285,95.285,0.0,0.0,ZQ-2028Q
95.285,95.285,95.285,95.285,0.0,0.0,ZQ-2028U
95.28,95.28,95.28,95.28,0.0,0.0,ZQ-2028V
95.26,95.26,95.26,95.26,0.0,0.0,ZQ-2028X
95.24,95.24,95.24,95.24,0.0,0.0,ZQ-2028Z
95.225,95.225,95.225,95.225,0.0,0.0,ZQ-2029F
95.21,95.21,95.21,95.21,0.0,0.0,ZQ-2029G
95.195,95.195,95.195,95.195,0.0,0.0,ZQ-2029H
95.155,95.155,95.155,95.155,0.0,0.0,ZQ-2029J
95.13,95.13,95.13,95.13,0.0,0.0,ZQ-2029K
95.11,95.11,95.11,95.11,0.0,0.0,ZQ-2029M
95.09,95.09,95.09,95.09,0.0,0.0,ZQ-2029N
95.01,95.01,95.01,95.01,0.0,0.0,ZQ-2029Q
95.01,95.01,95.01,95.01,0.0,0.0,ZQ-2029U
95.005,95.005,95.005,95.005,0.0,0.0,ZQ-2029V
94.985,94.985,94.985,94.985,0.0,0.0,ZQ-2029X
94.965,94.965,94.965,94.965,0.0,0.0,ZQ-2029Z
94.95,94.95,94.95,94.95,0.0,0.0,ZQ-2030F
94.935,94.935,94.935,94.935,0.0,0.0,ZQ-2030G
94.92,94.92,94.92,94.92,0.0,0.0,ZQ-2030H
94.88,94.88,94.88,94.88,0.0,0.0,ZQ-2030J
94.855,94.855,94.855,94.855,0.0,0.0,ZQ-2030K
94.835,94.835,94.835,94.835,0.0,0.0,ZQ-2030M
94.815,94.815,94.815,94.815,0.0,0.0,ZQ-2030N
94.735,94.735,94.735,94.735,0.0,0.0,ZQ-2030Q
94.735,94.735,94.735,94.735,0.0,0.0,ZQ-2030U
94.73,94.73,94.73,94.73,0.0,0.0,ZQ-2030V
94.71,94.71,94.71,94.71,0.0,0.0,ZQ-2030X
94.69,94.69,94.69,94.69,0.0,0.0,ZQ-2030Z
94.675,94.675,94.675,94.675,0.0,0.0,ZQ-2031F
94.66,94.66,94.66,94.66,0.0,0.0,ZQ-2031G
94.645,94.645,94.645,94.645,0.0,0.0,ZQ-2031H
94.605,94.605,94.605,94.605,0.0,0.0,ZQ-2031J
94.58,94.58,94.58,94.58,0.0,0.0,ZQ-2031K
94.56,94.56,94.56,94.56,0.0,0.0,ZQ-2031M
94.54,94.54,94.54,94.54,0.0,0.0,ZQ-2031N
94.46,94.46,94.46,94.46,0.0,0.0,ZQ-2031Q
94.46,94.46,94.46,94.46,0.0,0.0,ZQ-2031U
